svg_file,icon_name,bytes,candidate_keys_by_filename,best_candidate,best_key_label
fi-rr-0.svg,0,344,,,
fi-rr-00s-music-disc.svg,00s-music-disc,1648,A11 SYNTH (96); F1 NOTE 1 (96); F10 NOTE 10 (96); F11 NOTE 11 (96); F12 NOTE 12 (96); F13 NOTE 13 (96); F14 NOTE 14 (96); F15 NOTE 15 (96); F16 NOTE 16 (96); F2 NOTE 2 (96); F3 NOTE 3 (96); F4 NOTE 4 (96); F5 NOTE 5 (96); F6 NOTE 6 (96); F7 NOTE 7 (96); F8 NOTE 8 (96); F9 NOTE 9 (96),A11,SYNTH
fi-rr-1.svg,1,401,,,
fi-rr-2.svg,2,619,,,
fi-rr-3.svg,3,502,,,
fi-rr-360-degrees.svg,360-degrees,926,,,
fi-rr-3d-printer-house.svg,3d-printer-house,965,,,
fi-rr-3d-printer-mug.svg,3d-printer-mug,836,,,
fi-rr-3d-printer-prosthesis.svg,3d-printer-prosthesis,1602,,,
fi-rr-3d-printer-robot.svg,3d-printer-robot,980,,,
fi-rr-3d-printer-toy.svg,3d-printer-toy,1259,,,
fi-rr-3d-printer.svg,3d-printer,947,,,
fi-rr-3d-printing-pen.svg,3d-printing-pen,1272,,,
fi-rr-4.svg,4,335,,,
fi-rr-404.svg,404,1081,,,
fi-rr-5.svg,5,508,,,
fi-rr-5g-lock.svg,5g-lock,1053,D2 HOLD/GATE (96),D2,HOLD/GATE
fi-rr-6.svg,6,632,,,
fi-rr-60s-music-disc.svg,60s-music-disc,1735,A11 SYNTH (96); F1 NOTE 1 (96); F10 NOTE 10 (96); F11 NOTE 11 (96); F12 NOTE 12 (96); F13 NOTE 13 (96); F14 NOTE 14 (96); F15 NOTE 15 (96); F16 NOTE 16 (96); F2 NOTE 2 (96); F3 NOTE 3 (96); F4 NOTE 4 (96); F5 NOTE 5 (96); F6 NOTE 6 (96); F7 NOTE 7 (96); F8 NOTE 8 (96); F9 NOTE 9 (96),A11,SYNTH
fi-rr-7.svg,7,459,,,
fi-rr-70s-music-disc.svg,70s-music-disc,1716,A11 SYNTH (96); F1 NOTE 1 (96); F10 NOTE 10 (96); F11 NOTE 11 (96); F12 NOTE 12 (96); F13 NOTE 13 (96); F14 NOTE 14 (96); F15 NOTE 15 (96); F16 NOTE 16 (96); F2 NOTE 2 (96); F3 NOTE 3 (96); F4 NOTE 4 (96); F5 NOTE 5 (96); F6 NOTE 6 (96); F7 NOTE 7 (96); F8 NOTE 8 (96); F9 NOTE 9 (96),A11,SYNTH
fi-rr-8.svg,8,520,,,
fi-rr-80s-music-disc.svg,80s-music-disc,1856,A11 SYNTH (96); F1 NOTE 1 (96); F10 NOTE 10 (96); F11 NOTE 11 (96); F12 NOTE 12 (96); F13 NOTE 13 (96); F14 NOTE 14 (96); F15 NOTE 15 (96); F16 NOTE 16 (96); F2 NOTE 2 (96); F3 NOTE 3 (96); F4 NOTE 4 (96); F5 NOTE 5 (96); F6 NOTE 6 (96); F7 NOTE 7 (96); F8 NOTE 8 (96); F9 NOTE 9 (96),A11,SYNTH
fi-rr-9.svg,9,607,,,
fi-rr-90s-music-disc.svg,90s-music-disc,1719,A11 SYNTH (96); F1 NOTE 1 (96); F10 NOTE 10 (96); F11 NOTE 11 (96); F12 NOTE 12 (96); F13 NOTE 13 (96); F14 NOTE 14 (96); F15 NOTE 15 (96); F16 NOTE 16 (96); F2 NOTE 2 (96); F3 NOTE 3 (96); F4 NOTE 4 (96); F5 NOTE 5 (96); F6 NOTE 6 (96); F7 NOTE 7 (96); F8 NOTE 8 (96); F9 NOTE 9 (96),A11,SYNTH
fi-rr-90s.svg,90s,1195,,,
fi-rr-Booking.svg,Booking,1279,,,
fi-rr-Butter.svg,Butter,529,,,
fi-rr-CRM.svg,CRM,1185,,,
fi-rr-CV.svg,CV,1190,,,
fi-rr-Cannabis.svg,Cannabis,1914,,,
fi-rr-QR.svg,QR,1533,,,
fi-rr-Revenue.svg,Revenue,1080,,,
fi-rr-Sickle.svg,Sickle,857,,,
fi-rr-Siren.svg,Siren,765,,,
fi-rr-a.svg,a,473,,,
fi-rr-abacus.svg,abacus,911,,,
fi-rr-abdomen.svg,abdomen,1888,,,
fi-rr-access-control.svg,access-control,857,,,
fi-rr-access-denied.svg,access-denied,951,,,
fi-rr-accident.svg,accident,1890,,,
fi-rr-accordion.svg,accordion,1116,,,
fi-rr-accountant.svg,accountant,1164,,,
fi-rr-acid-rain.svg,acid-rain,1591,,,
fi-rr-acorn.svg,acorn,542,,,
fi-rr-ad-forbidden.svg,ad-forbidden,1035,,,
fi-rr-ad-paid.svg,ad-paid,1533,,,
fi-rr-ad-slash.svg,ad-slash,1053,,,
fi-rr-ad.svg,ad,937,,,
fi-rr-add-document.svg,add-document,654,,,
fi-rr-add-folder.svg,add-folder,601,E15 BANK - (96); E16 BANK + (96),E15,BANK -
fi-rr-add-image.svg,add-image,833,,,
fi-rr-add.svg,add,336,,,
fi-rr-address-book.svg,address-book,554,,,
fi-rr-address-card.svg,address-card,884,,,
fi-rr-admin-alt.svg,admin-alt,1203,,,
fi-rr-admin.svg,admin,1418,,,
fi-rr-affiliate-marketing.svg,affiliate-marketing,1653,,,
fi-rr-age-alt.svg,age-alt,1119,,,
fi-rr-age-restriction-eighteen.svg,age-restriction-eighteen,1307,,,
fi-rr-age-restriction-seven.svg,age-restriction-seven,669,,,
fi-rr-age-restriction-six.svg,age-restriction-six,722,,,
fi-rr-age-restriction-sixteen.svg,age-restriction-sixteen,1111,,,
fi-rr-age-restriction-thirteen.svg,age-restriction-thirteen,1104,,,
fi-rr-age-restriction-three.svg,age-restriction-three,725,,,
fi-rr-age-restriction-twelve.svg,age-restriction-twelve,1100,,,
fi-rr-age-restriction-twenty-one.svg,age-restriction-twenty-one,1152,,,
fi-rr-age-restriction-zero.svg,age-restriction-zero,637,,,
fi-rr-age.svg,age,1430,,,
fi-rr-ai-algorithm.svg,ai-algorithm,1400,,,
fi-rr-ai-artist.svg,ai-artist,1721,,,
fi-rr-ai-assistant.svg,ai-assistant,1034,,,
fi-rr-ai-podcast.svg,ai-podcast,1250,,,
fi-rr-ai-technology.svg,ai-technology,1748,,,
fi-rr-air-conditioner.svg,air-conditioner,971,,,
fi-rr-air-freshener.svg,air-freshener,1024,,,
fi-rr-air-pollution.svg,air-pollution,1752,,,
fi-rr-airplane-journey.svg,airplane-journey,1157,,,
fi-rr-airplane-mode-off.svg,airplane-mode-off,1136,,,
fi-rr-airplane-mode-on.svg,airplane-mode-on,1099,,,
fi-rr-airplane-window-open.svg,airplane-window-open,992,E3 ENV HANN (96),E3,ENV HANN
fi-rr-airplay.svg,airplay,802,,,
fi-rr-alarm-clock.svg,alarm-clock,785,D7 SYNC/FREE (96); G6 DELAY (96),D7,SYNC/FREE
fi-rr-alarm-exclamation.svg,alarm-exclamation,1115,,,
fi-rr-alarm-off.svg,alarm-off,1232,,,
fi-rr-alarm-plus.svg,alarm-plus,1108,D12 LENGTH + (96); D14 DENSITY + (96); H6 TEMPO + (96),D12,LENGTH +
fi-rr-alarm-snooze.svg,alarm-snooze,1196,,,
fi-rr-album-circle-plus.svg,album-circle-plus,857,D12 LENGTH + (96); D14 DENSITY + (96); H6 TEMPO + (96),D12,LENGTH +
fi-rr-album-circle-user.svg,album-circle-user,1010,,,
fi-rr-album-collection.svg,album-collection,1016,E15 BANK - (96); E16 BANK + (96),E15,BANK -
fi-rr-album.svg,album,549,,,
fi-rr-algorithm.svg,algorithm,1173,,,
fi-rr-alicorn.svg,alicorn,1469,,,
fi-rr-alien.svg,alien,904,,,
fi-rr-align-center.svg,align-center,346,,,
fi-rr-align-justify.svg,align-justify,349,,,
fi-rr-align-left.svg,align-left,349,D9 POSITION - (96),D9,POSITION -
fi-rr-align-slash.svg,align-slash,746,,,
fi-rr-allen-keys.svg,allen-keys,885,,,
fi-rr-allergy.svg,allergy,1818,,,
fi-rr-aloe-vera.svg,aloe-vera,1654,,,
fi-rr-ambulance.svg,ambulance,990,,,
fi-rr-american-football.svg,american-football,1495,,,
fi-rr-amp-guitar.svg,amp-guitar,1063,,,
fi-rr-analyse-alt.svg,analyse-alt,688,,,
fi-rr-analyse.svg,analyse,961,,,
fi-rr-analytics-magnifying-glass.svg,analytics-magnifying-glass,892,,,
fi-rr-analytics.svg,analytics,699,,,
fi-rr-anatomical-heart.svg,anatomical-heart,1512,,,
fi-rr-anchor.svg,anchor,854,,,
fi-rr-angel.svg,angel,1355,,,
fi-rr-angle-90.svg,angle-90,1043,,,
fi-rr-angle-circle-down.svg,angle-circle-down,543,D15 PITCH - (96),D15,PITCH -
fi-rr-angle-circle-left.svg,angle-circle-left,542,D9 POSITION - (96),D9,POSITION -
fi-rr-angle-circle-right.svg,angle-circle-right,540,D10 POSITION + (96),D10,POSITION +
fi-rr-angle-circle-up.svg,angle-circle-up,538,D16 PITCH + (96),D16,PITCH +
fi-rr-angle-double-left.svg,angle-double-left,473,D9 POSITION - (96),D9,POSITION -
fi-rr-angle-double-right.svg,angle-double-right,482,D10 POSITION + (96),D10,POSITION +
fi-rr-angle-double-small-down.svg,angle-double-small-down,694,D15 PITCH - (96),D15,PITCH -
fi-rr-angle-double-small-left.svg,angle-double-small-left,481,D9 POSITION - (96),D9,POSITION -
fi-rr-angle-double-small-right.svg,angle-double-small-right,442,D10 POSITION + (96),D10,POSITION +
fi-rr-angle-double-small-up.svg,angle-double-small-up,712,D16 PITCH + (96),D16,PITCH +
fi-rr-angle-down.svg,angle-down,302,D15 PITCH - (96),D15,PITCH -
fi-rr-angle-left.svg,angle-left,314,D9 POSITION - (96),D9,POSITION -
fi-rr-angle-right.svg,angle-right,305,D10 POSITION + (96),D10,POSITION +
fi-rr-angle-small-down.svg,angle-small-down,315,D15 PITCH - (96),D15,PITCH -
fi-rr-angle-small-left.svg,angle-small-left,317,D9 POSITION - (96),D9,POSITION -
fi-rr-angle-small-right.svg,angle-small-right,298,D10 POSITION + (96),D10,POSITION +
fi-rr-angle-small-up.svg,angle-small-up,320,D16 PITCH + (96),D16,PITCH +
fi-rr-angle-square-down.svg,angle-square-down,607,D15 PITCH - (96); E1 ENV SQUARE (96),D15,PITCH -
fi-rr-angle-square-left.svg,angle-square-left,605,D9 POSITION - (96); E1 ENV SQUARE (96),D9,POSITION -
fi-rr-angle-square-right.svg,angle-square-right,604,D10 POSITION + (96); E1 ENV SQUARE (96),D10,POSITION +
fi-rr-angle-square-up.svg,angle-square-up,601,D16 PITCH + (96); E1 ENV SQUARE (96),D16,PITCH +
fi-rr-angle-up.svg,angle-up,303,D16 PITCH + (96),D16,PITCH +
fi-rr-angle.svg,angle,1010,,,
fi-rr-angles-up-down.svg,angles-up-down,701,D15 PITCH - (96); D16 PITCH + (96),D15,PITCH -
fi-rr-angry.svg,angry,679,,,
fi-rr-animated-icon.svg,animated-icon,1081,,,
fi-rr-anise.svg,anise,2341,,,
fi-rr-ankh.svg,ankh,467,,,
fi-rr-answer-alt.svg,answer-alt,1097,,,
fi-rr-answer.svg,answer,870,,,
fi-rr-anxiety.svg,anxiety,1736,,,
fi-rr-apartment.svg,apartment,1436,,,
fi-rr-aperture.svg,aperture,752,,,
fi-rr-api-cloud.svg,api-cloud,1941,,,
fi-rr-api.svg,api,2300,,,
fi-rr-app-notification.svg,app-notification,1316,,,
fi-rr-appendicitis.svg,appendicitis,1468,,,
fi-rr-apple-books.svg,apple-books,1145,,,
fi-rr-apple-core.svg,apple-core,1668,,,
fi-rr-apple-crate.svg,apple-crate,1304,,,
fi-rr-apple-dumbbell.svg,apple-dumbbell,1151,,,
fi-rr-apple-juice.svg,apple-juice,1223,,,
fi-rr-apple-pie.svg,apple-pie,1197,,,
fi-rr-apple-whole.svg,apple-whole,799,,,
fi-rr-apps-add.svg,apps-add,692,,,
fi-rr-apps-delete.svg,apps-delete,651,,,
fi-rr-apps-sort.svg,apps-sort,695,,,
fi-rr-apps.svg,apps,752,,,
fi-rr-apricot.svg,apricot,1068,,,
fi-rr-april-calendar.svg,april-calendar,1328,,,
fi-rr-archery.svg,archery,1392,,,
fi-rr-architect-plan.svg,architect-plan,947,,,
fi-rr-archive.svg,archive,453,,,
fi-rr-archway.svg,archway,762,,,
fi-rr-arepa.svg,arepa,1131,,,
fi-rr-armor.svg,armor,1580,,,
fi-rr-army-general.svg,army-general,1403,,,
fi-rr-arrow-alt-circle-down.svg,arrow-alt-circle-down,498,D15 PITCH - (96),D15,PITCH -
fi-rr-arrow-alt-circle-left.svg,arrow-alt-circle-left,491,D9 POSITION - (96),D9,POSITION -
fi-rr-arrow-alt-circle-right.svg,arrow-alt-circle-right,494,D10 POSITION + (96),D10,POSITION +
fi-rr-arrow-alt-circle-up.svg,arrow-alt-circle-up,493,D16 PITCH + (96),D16,PITCH +
fi-rr-arrow-alt-down.svg,arrow-alt-down,350,D15 PITCH - (96),D15,PITCH -
fi-rr-arrow-alt-from-bottom.svg,arrow-alt-from-bottom,379,,,
fi-rr-arrow-alt-from-left.svg,arrow-alt-from-left,387,D9 POSITION - (96),D9,POSITION -
fi-rr-arrow-alt-from-right.svg,arrow-alt-from-right,384,D10 POSITION + (96),D10,POSITION +
fi-rr-arrow-alt-from-top.svg,arrow-alt-from-top,378,,,
fi-rr-arrow-alt-left.svg,arrow-alt-left,343,D9 POSITION - (96),D9,POSITION -
fi-rr-arrow-alt-right.svg,arrow-alt-right,350,D10 POSITION + (96),D10,POSITION +
fi-rr-arrow-alt-square-down.svg,arrow-alt-square-down,541,D15 PITCH - (96); E1 ENV SQUARE (96),D15,PITCH -
fi-rr-arrow-alt-square-left.svg,arrow-alt-square-left,540,D9 POSITION - (96); E1 ENV SQUARE (96),D9,POSITION -
fi-rr-arrow-alt-square-right.svg,arrow-alt-square-right,543,D10 POSITION + (96); E1 ENV SQUARE (96),D10,POSITION +
fi-rr-arrow-alt-square-up.svg,arrow-alt-square-up,542,D16 PITCH + (96); E1 ENV SQUARE (96),D16,PITCH +
fi-rr-arrow-alt-to-bottom.svg,arrow-alt-to-bottom,449,,,
fi-rr-arrow-alt-to-left.svg,arrow-alt-to-left,443,D9 POSITION - (96),D9,POSITION -
fi-rr-arrow-alt-to-right.svg,arrow-alt-to-right,457,D10 POSITION + (96),D10,POSITION +
fi-rr-arrow-alt-to-top.svg,arrow-alt-to-top,442,,,
fi-rr-arrow-alt-up.svg,arrow-alt-up,346,D16 PITCH + (96),D16,PITCH +
fi-rr-arrow-circle-down.svg,arrow-circle-down,451,D15 PITCH - (96),D15,PITCH -
fi-rr-arrow-circle-left.svg,arrow-circle-left,450,D9 POSITION - (96),D9,POSITION -
fi-rr-arrow-circle-right.svg,arrow-circle-right,451,D10 POSITION + (96),D10,POSITION +
fi-rr-arrow-circle-up.svg,arrow-circle-up,451,D16 PITCH + (96),D16,PITCH +
fi-rr-arrow-comparison.svg,arrow-comparison,883,,,
fi-rr-arrow-down-from-arc.svg,arrow-down-from-arc,641,D15 PITCH - (97),D15,PITCH -
fi-rr-arrow-down-from-dotted-line.svg,arrow-down-from-dotted-line,791,D15 PITCH - (97),D15,PITCH -
fi-rr-arrow-down-left.svg,arrow-down-left,388,D15 PITCH - (97); D9 POSITION - (96),D15,PITCH -
fi-rr-arrow-down-small-big.svg,arrow-down-small-big,742,D15 PITCH - (97),D15,PITCH -
fi-rr-arrow-down-strenght.svg,arrow-down-strenght,1057,D15 PITCH - (97),D15,PITCH -
fi-rr-arrow-down-to-dotted-line.svg,arrow-down-to-dotted-line,796,D15 PITCH - (97),D15,PITCH -
fi-rr-arrow-down-to-square.svg,arrow-down-to-square,824,D15 PITCH - (97); E1 ENV SQUARE (96),D15,PITCH -
fi-rr-arrow-down-triangle-square.svg,arrow-down-triangle-square,941,D15 PITCH - (97); E1 ENV SQUARE (96); E5 ENV TRIANGLE (96),D15,PITCH -
fi-rr-arrow-down.svg,arrow-down,320,D15 PITCH - (122),D15,PITCH -
fi-rr-arrow-from-bottom.svg,arrow-from-bottom,330,,,
fi-rr-arrow-from-left.svg,arrow-from-left,339,D9 POSITION - (96),D9,POSITION -
fi-rr-arrow-from-right.svg,arrow-from-right,336,D10 POSITION + (96),D10,POSITION +
fi-rr-arrow-from-top.svg,arrow-from-top,333,,,
fi-rr-arrow-left-from-arc.svg,arrow-left-from-arc,661,D9 POSITION - (97); H7 PATTERN - (97),D9,POSITION -
fi-rr-arrow-left-from-line.svg,arrow-left-from-line,476,D9 POSITION - (97); H7 PATTERN - (97),D9,POSITION -
fi-rr-arrow-left-to-arc.svg,arrow-left-to-arc,651,D9 POSITION - (97); H7 PATTERN - (97),D9,POSITION -
fi-rr-arrow-left.svg,arrow-left,332,D9 POSITION - (122); H7 PATTERN - (122),D9,POSITION -
fi-rr-arrow-progress-alt.svg,arrow-progress-alt,1183,,,
fi-rr-arrow-progress.svg,arrow-progress,1071,,,
fi-rr-arrow-right-to-bracket.svg,arrow-right-to-bracket,576,D10 POSITION + (97); H8 PATTERN + (97),D10,POSITION +
fi-rr-arrow-right-to-city.svg,arrow-right-to-city,1577,D10 POSITION + (97); H8 PATTERN + (97),D10,POSITION +
fi-rr-arrow-right.svg,arrow-right,337,D10 POSITION + (122); H8 PATTERN + (122),D10,POSITION +
fi-rr-arrow-small-down.svg,arrow-small-down,332,D15 PITCH - (96),D15,PITCH -
fi-rr-arrow-small-left.svg,arrow-small-left,305,D9 POSITION - (96),D9,POSITION -
fi-rr-arrow-small-right.svg,arrow-small-right,308,D10 POSITION + (96),D10,POSITION +
fi-rr-arrow-small-up.svg,arrow-small-up,293,D16 PITCH + (96),D16,PITCH +
fi-rr-arrow-square-down.svg,arrow-square-down,527,D15 PITCH - (96); E1 ENV SQUARE (96),D15,PITCH -
fi-rr-arrow-square-left.svg,arrow-square-left,527,D9 POSITION - (96); E1 ENV SQUARE (96),D9,POSITION -
fi-rr-arrow-square-right.svg,arrow-square-right,526,D10 POSITION + (96); E1 ENV SQUARE (96),D10,POSITION +
fi-rr-arrow-square-up.svg,arrow-square-up,526,D16 PITCH + (96); E1 ENV SQUARE (96),D16,PITCH +
fi-rr-arrow-to-bottom.svg,arrow-to-bottom,375,,,
fi-rr-arrow-to-left.svg,arrow-to-left,377,D9 POSITION - (96),D9,POSITION -
fi-rr-arrow-to-right.svg,arrow-to-right,383,D10 POSITION + (96),D10,POSITION +
fi-rr-arrow-to-top.svg,arrow-to-top,372,,,
fi-rr-arrow-trend-down.svg,arrow-trend-down,535,D15 PITCH - (96),D15,PITCH -
fi-rr-arrow-trend-up.svg,arrow-trend-up,553,D16 PITCH + (96),D16,PITCH +
fi-rr-arrow-turn-down-left.svg,arrow-turn-down-left,442,D15 PITCH - (96); D9 POSITION - (96),D15,PITCH -
fi-rr-arrow-turn-down-right.svg,arrow-turn-down-right,448,D10 POSITION + (96); D15 PITCH - (96),D10,POSITION +
fi-rr-arrow-turn-left-up.svg,arrow-turn-left-up,550,D16 PITCH + (96); D9 POSITION - (96),D16,PITCH +
fi-rr-arrow-up-from-dotted-line.svg,arrow-up-from-dotted-line,806,D16 PITCH + (97),D16,PITCH +
fi-rr-arrow-up-from-ground-water.svg,arrow-up-from-ground-water,1438,D16 PITCH + (97),D16,PITCH +
fi-rr-arrow-up-from-square.svg,arrow-up-from-square,636,D16 PITCH + (97); E1 ENV SQUARE (96),D16,PITCH +
fi-rr-arrow-up-left-from-circle.svg,arrow-up-left-from-circle,763,D16 PITCH + (97); D9 POSITION - (96),D16,PITCH +
fi-rr-arrow-up-left.svg,arrow-up-left,442,D16 PITCH + (97); D9 POSITION - (96),D16,PITCH +
fi-rr-arrow-up-right-and-arrow-down-left-from-center.svg,arrow-up-right-and-arrow-down-left-from-center,577,D15 PITCH - (97); D16 PITCH + (97); D10 POSITION + (96); D9 POSITION - (96),D15,PITCH -
fi-rr-arrow-up-right-from-square.svg,arrow-up-right-from-square,588,D16 PITCH + (97); D10 POSITION + (96); E1 ENV SQUARE (96),D16,PITCH +
fi-rr-arrow-up-right.svg,arrow-up-right,433,D16 PITCH + (97); D10 POSITION + (96),D16,PITCH +
fi-rr-arrow-up-small-big.svg,arrow-up-small-big,748,D16 PITCH + (97),D16,PITCH +
fi-rr-arrow-up-square-triangle.svg,arrow-up-square-triangle,1033,D16 PITCH + (97); E1 ENV SQUARE (96); E5 ENV TRIANGLE (96),D16,PITCH +
fi-rr-arrow-up-to-arc.svg,arrow-up-to-arc,624,D16 PITCH + (97),D16,PITCH +
fi-rr-arrow-up-to-dotted-line.svg,arrow-up-to-dotted-line,808,D16 PITCH + (97),D16,PITCH +
fi-rr-arrow-up.svg,arrow-up,320,D16 PITCH + (122),D16,PITCH +
fi-rr-arrow-upward-growth-crypto.svg,arrow-upward-growth-crypto,1027,,,
fi-rr-arrows-alt-h.svg,arrows-alt-h,444,,,
fi-rr-arrows-alt-v.svg,arrows-alt-v,446,,,
fi-rr-arrows-alt.svg,arrows-alt,605,,,
fi-rr-arrows-cross.svg,arrows-cross,734,,,
fi-rr-arrows-down-curve.svg,arrows-down-curve,1316,D15 PITCH - (96); E3 ENV HANN (96); E4 ENV GAUSSIAN (96),D15,PITCH -
fi-rr-arrows-down-to-people.svg,arrows-down-to-people,1774,D15 PITCH - (96),D15,PITCH -
fi-rr-arrows-from-dotted-line.svg,arrows-from-dotted-line,1024,,,
fi-rr-arrows-from-line.svg,arrows-from-line,756,,,
fi-rr-arrows-h-copy.svg,arrows-h-copy,653,A7 COPY (96),A7,COPY
fi-rr-arrows-h.svg,arrows-h,645,,,
fi-rr-arrows-repeat-1.svg,arrows-repeat-1,934,D3 RETRIGGER (96); D6 RESAMPLE (96); G11 STUTTER (96),D3,RETRIGGER
fi-rr-arrows-repeat.svg,arrows-repeat,757,D3 RETRIGGER (96); D6 RESAMPLE (96); G11 STUTTER (96),D3,RETRIGGER
fi-rr-arrows-retweet.svg,arrows-retweet,734,,,
fi-rr-arrows-split-right-and-left.svg,arrows-split-right-and-left,837,D10 POSITION + (96); D9 POSITION - (96),D10,POSITION +
fi-rr-arrows-split-up-and-left.svg,arrows-split-up-and-left,754,D16 PITCH + (96); D9 POSITION - (96),D16,PITCH +
fi-rr-arrows-to-circle.svg,arrows-to-circle,1248,,,
fi-rr-arrows-to-dot.svg,arrows-to-dot,1104,,,
fi-rr-arrows-to-dotted-line.svg,arrows-to-dotted-line,1027,,,
fi-rr-arrows-to-eye.svg,arrows-to-eye,1551,,,
fi-rr-arrows-to-line.svg,arrows-to-line,758,,,
fi-rr-arrows.svg,arrows,1033,,,
fi-rr-artificial-intelligence.svg,artificial-intelligence,1095,,,
fi-rr-artist.svg,artist,1442,,,
fi-rr-ask-us.svg,ask-us,2338,,,
fi-rr-assept-document.svg,assept-document,717,,,
fi-rr-assessment-alt.svg,assessment-alt,1313,,,
fi-rr-assessment.svg,assessment,1166,,,
fi-rr-assign.svg,assign,1840,,,
fi-rr-assistive-listening-systems.svg,assistive-listening-systems,1534,,,
fi-rr-asterik.svg,asterik,1121,,,
fi-rr-asthma.svg,asthma,1053,,,
fi-rr-at.svg,at,484,,,
fi-rr-atm.svg,atm,978,,,
fi-rr-attention-detail.svg,attention-detail,1102,,,
fi-rr-attribution-pen.svg,attribution-pen,930,,,
fi-rr-attribution-pencil.svg,attribution-pencil,1071,,,
fi-rr-aubergine.svg,aubergine,692,,,
fi-rr-auction-bidding.svg,auction-bidding,1543,,,
fi-rr-auction-paddle.svg,auction-paddle,1822,,,
fi-rr-auction.svg,auction,947,,,
fi-rr-audience-megaphone.svg,audience-megaphone,1691,,,
fi-rr-audio-description-slash.svg,audio-description-slash,1075,G2 FLANGER (96); G3 PHASER (96); G4 TREMOLO (96); G5 VIBRATO (96); G7 REVERB (96),G2,FLANGER
fi-rr-audit-alt.svg,audit-alt,635,,,
fi-rr-audit.svg,audit,1295,,,
fi-rr-augmented-reality.svg,augmented-reality,1142,,,
fi-rr-august-calendar.svg,august-calendar,1386,,,
fi-rr-austral-sign.svg,austral-sign,698,,,
fi-rr-australia-country-code.svg,australia-country-code,892,,,
fi-rr-australia-flag.svg,australia-flag,1231,,,
fi-rr-australia.svg,australia,1944,,,
fi-rr-auto-pilot.svg,auto-pilot,1450,,,
fi-rr-auto-reply.svg,auto-reply,771,,,
fi-rr-auto-sync.svg,auto-sync,1411,D7 SYNC/FREE (96),D7,SYNC/FREE
fi-rr-auto-update.svg,auto-update,1243,,,
fi-rr-autosave.svg,autosave,1365,,,
fi-rr-avi-file.svg,avi-file,1249,,,
fi-rr-avocado-toast.svg,avocado-toast,1101,,,
fi-rr-avocado.svg,avocado,563,,,
fi-rr-award.svg,award,3142,,,
fi-rr-axe-battle.svg,axe-battle,1297,,,
fi-rr-axe-hammer.svg,axe-hammer,1582,,,
fi-rr-axe.svg,axe,969,,,
fi-rr-b.svg,b,429,,,
fi-rr-baby-carriage.svg,baby-carriage,551,,,
fi-rr-baby-cradle.svg,baby-cradle,508,,,
fi-rr-baby.svg,baby,1756,,,
fi-rr-back-up.svg,back-up,1700,D16 PITCH + (96),D16,PITCH +
fi-rr-background.svg,background,614,,,
fi-rr-backpack.svg,backpack,758,,,
fi-rr-bacon-egg.svg,bacon-egg,2155,,,
fi-rr-bacon.svg,bacon,1733,,,
fi-rr-bacteria.svg,bacteria,2396,,,
fi-rr-bacterium.svg,bacterium,2461,,,
fi-rr-badge-check.svg,badge-check,1742,,,
fi-rr-badge-dollar.svg,badge-dollar,2038,,,
fi-rr-badge-leaf.svg,badge-leaf,1837,,,
fi-rr-badge-percent.svg,badge-percent,1757,,,
fi-rr-badge-sheriff.svg,badge-sheriff,1442,,,
fi-rr-badge.svg,badge,502,,,
fi-rr-badger-honey.svg,badger-honey,1298,,,
fi-rr-badget-check-alt.svg,badget-check-alt,2860,,,
fi-rr-badminton.svg,badminton,1065,,,
fi-rr-bag-map-pin.svg,bag-map-pin,972,,,
fi-rr-bag-seedling.svg,bag-seedling,978,,,
fi-rr-bag-shopping-minus.svg,bag-shopping-minus,583,D11 LENGTH - (96); D13 DENSITY - (96); H5 TEMPO - (96),D11,LENGTH -
fi-rr-bagel.svg,bagel,921,,,
fi-rr-bags-shopping.svg,bags-shopping,849,,,
fi-rr-baguette.svg,baguette,1169,,,
fi-rr-bahai.svg,bahai,1529,,,
fi-rr-baht-sign.svg,baht-sign,598,,,
fi-rr-balance-scale-left.svg,balance-scale-left,1122,D9 POSITION - (96),D9,POSITION -
fi-rr-balance-scale-right.svg,balance-scale-right,1135,D10 POSITION + (96),D10,POSITION +
fi-rr-balcony.svg,balcony,539,,,
fi-rr-ball-pile.svg,ball-pile,1497,,,
fi-rr-ball.svg,ball,690,,,
fi-rr-ballet-dance.svg,ballet-dance,1382,,,
fi-rr-balloon.svg,balloon,704,,,
fi-rr-balloons.svg,balloons,1271,,,
fi-rr-ballot-check.svg,ballot-check,996,,,
fi-rr-ballot.svg,ballot,864,,,
fi-rr-bamboo.svg,bamboo,2335,,,
fi-rr-ban-bug.svg,ban-bug,1230,G14 GLITCH (96),G14,GLITCH
fi-rr-ban.svg,ban,349,,,
fi-rr-banana.svg,banana,1264,,,
fi-rr-bananas.svg,bananas,1539,,,
fi-rr-band-aid-alt.svg,band-aid-alt,1665,,,
fi-rr-band-aid.svg,band-aid,479,,,
fi-rr-bandage-wound.svg,bandage-wound,1556,,,
fi-rr-bangladeshi-taka-sign.svg,bangladeshi-taka-sign,469,,,
fi-rr-banjo.svg,banjo,706,,,
fi-rr-bank-app.svg,bank-app,812,E15 BANK - (96); E16 BANK + (96),E15,BANK -
fi-rr-bank.svg,bank,751,E15 BANK - (121); E16 BANK + (121),E15,BANK -
fi-rr-banner-2.svg,banner-2,1143,,,
fi-rr-banner-3.svg,banner-3,969,,,
fi-rr-banner-4.svg,banner-4,540,,,
fi-rr-banner-5.svg,banner-5,941,,,
fi-rr-banner.svg,banner,937,,,
fi-rr-barber-pole.svg,barber-pole,700,,,
fi-rr-barber-shop.svg,barber-shop,822,,,
fi-rr-barcode-read.svg,barcode-read,1061,,,
fi-rr-barcode-scan.svg,barcode-scan,1009,,,
fi-rr-barcode.svg,barcode,728,,,
fi-rr-barefoot.svg,barefoot,983,,,
fi-rr-barrier-caution.svg,barrier-caution,1196,,,
fi-rr-barrier-cone.svg,barrier-cone,742,,,
fi-rr-barrow.svg,barrow,885,,,
fi-rr-bars-filter.svg,bars-filter,376,,,
fi-rr-bars-progress.svg,bars-progress,521,,,
fi-rr-bars-sort.svg,bars-sort,376,,,
fi-rr-bars-staggered.svg,bars-staggered,376,,,
fi-rr-baseball-alt.svg,baseball-alt,902,,,
fi-rr-baseball-player.svg,baseball-player,919,,,
fi-rr-baseball.svg,baseball,1085,,,
fi-rr-basket-shopping-minus.svg,basket-shopping-minus,837,D11 LENGTH - (96); D13 DENSITY - (96); H5 TEMPO - (96),D11,LENGTH -
fi-rr-basket-shopping-plus.svg,basket-shopping-plus,911,D12 LENGTH + (96); D14 DENSITY + (96); H6 TEMPO + (96),D12,LENGTH +
fi-rr-basket-shopping-simple.svg,basket-shopping-simple,679,,,
fi-rr-basket.svg,basket,814,,,
fi-rr-basketball-ticket.svg,basketball-ticket,1243,,,
fi-rr-basketball.svg,basketball,1659,,,
fi-rr-bat.svg,bat,2004,,,
fi-rr-bath.svg,bath,1114,,,
fi-rr-battery-100.svg,battery-100,1364,,,
fi-rr-battery-alert.svg,battery-alert,807,,,
fi-rr-battery-bolt.svg,battery-bolt,959,,,
fi-rr-battery-empty.svg,battery-empty,435,,,
fi-rr-battery-exclamation.svg,battery-exclamation,727,,,
fi-rr-battery-full.svg,battery-full,524,,,
fi-rr-battery-half.svg,battery-half,524,,,
fi-rr-battery-pollution.svg,battery-pollution,884,,,
fi-rr-battery-quarter.svg,battery-quarter,523,,,
fi-rr-battery-slash.svg,battery-slash,769,,,
fi-rr-battery-three-quarters.svg,battery-three-quarters,525,,,
fi-rr-bay-leaf.svg,bay-leaf,884,,,
fi-rr-beacon.svg,beacon,514,,,
fi-rr-bear-market.svg,bear-market,1604,,,
fi-rr-beard.svg,beard,1021,,,
fi-rr-beauty-mask.svg,beauty-mask,1103,,,
fi-rr-bed-alt.svg,bed-alt,571,,,
fi-rr-bed-bunk.svg,bed-bunk,842,,,
fi-rr-bed-empty.svg,bed-empty,322,,,
fi-rr-bed-pulse.svg,bed-pulse,992,,,
fi-rr-bed.svg,bed,474,,,
fi-rr-bee.svg,bee,1542,,,
fi-rr-beehive.svg,beehive,1339,,,
fi-rr-beer-mug-empty.svg,beer-mug-empty,687,,,
fi-rr-beer.svg,beer,807,,,
fi-rr-bell-concierge.svg,bell-concierge,565,C13 COWBELL (96); E4 ENV GAUSSIAN (96),C13,COWBELL
fi-rr-bell-notification-call.svg,bell-notification-call,1637,C13 COWBELL (96); E4 ENV GAUSSIAN (96),C13,COWBELL
fi-rr-bell-notification-social-media.svg,bell-notification-social-media,964,C13 COWBELL (96); E4 ENV GAUSSIAN (96),C13,COWBELL
fi-rr-bell-ring.svg,bell-ring,953,C13 COWBELL (96); E4 ENV GAUSSIAN (96),C13,COWBELL
fi-rr-bell-school-slash.svg,bell-school-slash,1491,C13 COWBELL (96); E4 ENV GAUSSIAN (96),C13,COWBELL
fi-rr-bell-school.svg,bell-school,559,C13 COWBELL (96); E4 ENV GAUSSIAN (96),C13,COWBELL
fi-rr-bell-slash.svg,bell-slash,1082,C13 COWBELL (96); E4 ENV GAUSSIAN (96),C13,COWBELL
fi-rr-bell.svg,bell,486,C13 COWBELL (121); E4 ENV GAUSSIAN (121),C13,COWBELL
fi-rr-bells.svg,bells,976,,,
fi-rr-bench-tree.svg,bench-tree,1600,,,
fi-rr-benefit-diamond-alt.svg,benefit-diamond-alt,1664,,,
fi-rr-benefit-diamond.svg,benefit-diamond,1000,,,
fi-rr-benefit-hand.svg,benefit-hand,1081,,,
fi-rr-benefit-increase.svg,benefit-increase,1334,D12 LENGTH + (96); D14 DENSITY + (96); H6 TEMPO + (96),D12,LENGTH +
fi-rr-benefit-porcent.svg,benefit-porcent,1132,,,
fi-rr-benefit.svg,benefit,1405,,,
fi-rr-beta-computer.svg,beta-computer,2092,,,
fi-rr-beta-mobile.svg,beta-mobile,1903,,,
fi-rr-beta-tester.svg,beta-tester,1887,,,
fi-rr-beta-testing.svg,beta-testing,1900,,,
fi-rr-betamax.svg,betamax,557,,,
fi-rr-bible.svg,bible,557,,,
fi-rr-bicycle-journey.svg,bicycle-journey,988,,,
fi-rr-big-data-ai.svg,big-data-ai,2291,,,
fi-rr-big-data-analytics.svg,big-data-analytics,1084,,,
fi-rr-big-data.svg,big-data,1908,,,
fi-rr-big-drop.svg,big-drop,600,,,
fi-rr-bike-moving.svg,bike-moving,1113,,,
fi-rr-bike-path.svg,bike-path,1019,,,
fi-rr-bike.svg,bike,584,,,
fi-rr-biking-mountain.svg,biking-mountain,795,,,
fi-rr-biking.svg,biking,660,,,
fi-rr-bill-arrow.svg,bill-arrow,1193,,,
fi-rr-billboard-location.svg,billboard-location,974,,,
fi-rr-billboard.svg,billboard,577,,,
fi-rr-billiard.svg,billiard,421,,,
fi-rr-bin-bottles.svg,bin-bottles,1195,,,
fi-rr-binary-circle-check.svg,binary-circle-check,1067,,,
fi-rr-binary-cloud.svg,binary-cloud,1337,,,
fi-rr-binary-lock.svg,binary-lock,1149,D2 HOLD/GATE (96),D2,HOLD/GATE
fi-rr-binary-slash.svg,binary-slash,992,,,
fi-rr-binary.svg,binary,763,,,
fi-rr-binoculars.svg,binoculars,1186,,,
fi-rr-bio-leaves.svg,bio-leaves,2328,,,
fi-rr-bio.svg,bio,869,,,
fi-rr-biohazard.svg,biohazard,2061,,,
fi-rr-bipolar.svg,bipolar,1646,,,
fi-rr-bird.svg,bird,940,,,
fi-rr-bitcoin-card.svg,bitcoin-card,760,,,
fi-rr-bitcoin-sign.svg,bitcoin-sign,613,,,
fi-rr-blanket.svg,blanket,517,,,
fi-rr-blender-phone.svg,blender-phone,1010,,,
fi-rr-blender.svg,blender,762,,,
fi-rr-blinds-open.svg,blinds-open,699,,,
fi-rr-blinds-raised.svg,blinds-raised,579,,,
fi-rr-blinds.svg,blinds,624,,,
fi-rr-block-brick-fire.svg,block-brick-fire,1239,G8 DRIVE (96),G8,DRIVE
fi-rr-block-brick.svg,block-brick,491,,,
fi-rr-block-microphone.svg,block-microphone,1024,A6 SOLO (96); H2 RECORD (96),A6,SOLO
fi-rr-block-question.svg,block-question,1135,,,
fi-rr-block-quote.svg,block-quote,450,,,
fi-rr-block-user.svg,block-user,1143,,,
fi-rr-block.svg,block,700,,,
fi-rr-blockchain-3.svg,blockchain-3,1934,,,
fi-rr-blog-pencil.svg,blog-pencil,724,,,
fi-rr-blog-text.svg,blog-text,608,,,
fi-rr-blood-dropper.svg,blood-dropper,786,,,
fi-rr-blood-test-tube-alt.svg,blood-test-tube-alt,1081,,,
fi-rr-blood-test-tube.svg,blood-test-tube,815,,,
fi-rr-blood.svg,blood,1336,,,
fi-rr-blueberries.svg,blueberries,881,,,
fi-rr-blueprint-house.svg,blueprint-house,1116,,,
fi-rr-blueprint.svg,blueprint,716,,,
fi-rr-bluetooth-alert.svg,bluetooth-alert,1048,,,
fi-rr-bluetooth-alt.svg,bluetooth-alt,825,,,
fi-rr-bluetooth-circle.svg,bluetooth-circle,759,,,
fi-rr-bluetooth-headphones.svg,bluetooth-headphones,1467,A6 SOLO (96),A6,SOLO
fi-rr-bluetooth-keyboard.svg,bluetooth-keyboard,1287,A11 SYNTH (96),A11,SYNTH
fi-rr-bluetooth-mouse.svg,bluetooth-mouse,940,,,
fi-rr-bluetooth-settings.svg,bluetooth-settings,2350,A16 SYSTEM (96),A16,SYSTEM
fi-rr-bluetooth-speaker.svg,bluetooth-speaker,1357,,,
fi-rr-bluetooth-usb.svg,bluetooth-usb,1232,,,
fi-rr-blush.svg,blush,1553,,,
fi-rr-bold.svg,bold,311,,,
fi-rr-bolt-auto.svg,bolt-auto,1166,,,
fi-rr-bolt-slash.svg,bolt-slash,1212,,,
fi-rr-bolt.svg,bolt,651,,,
fi-rr-bomb-sign.svg,bomb-sign,1263,,,
fi-rr-bomb.svg,bomb,1712,,,
fi-rr-bone-break.svg,bone-break,1745,,,
fi-rr-bone.svg,bone,1247,,,
fi-rr-bong.svg,bong,864,,,
fi-rr-bonus-alt.svg,bonus-alt,1177,,,
fi-rr-bonus-star.svg,bonus-star,1734,,,
fi-rr-bonus.svg,bonus,1114,,,
fi-rr-book-alt.svg,book-alt,681,,,
fi-rr-book-arrow-right.svg,book-arrow-right,758,D10 POSITION + (97); H8 PATTERN + (97),D10,POSITION +
fi-rr-book-arrow-up.svg,book-arrow-up,746,D16 PITCH + (97),D16,PITCH +
fi-rr-book-atlas.svg,book-atlas,1013,,,
fi-rr-book-bookmark.svg,book-bookmark,535,,,
fi-rr-book-brain.svg,book-brain,1820,,,
fi-rr-book-circle-arrow-right.svg,book-circle-arrow-right,840,D10 POSITION + (97); H8 PATTERN + (97),D10,POSITION +
fi-rr-book-circle-arrow-up.svg,book-circle-arrow-up,839,D16 PITCH + (97),D16,PITCH +
fi-rr-book-copy.svg,book-copy,858,A7 COPY (96),A7,COPY
fi-rr-book-dead.svg,book-dead,786,,,
fi-rr-book-font.svg,book-font,641,,,
fi-rr-book-formula.svg,book-formula,1296,,,
fi-rr-book-heart.svg,book-heart,837,,,
fi-rr-book-magnet.svg,book-magnet,1348,,,
fi-rr-book-medical.svg,book-medical,602,,,
fi-rr-book-open-cover.svg,book-open-cover,1188,,,
fi-rr-book-open-reader.svg,book-open-reader,1088,,,
fi-rr-book-plus.svg,book-plus,746,D12 LENGTH + (96); D14 DENSITY + (96); H6 TEMPO + (96),D12,LENGTH +
fi-rr-book-quran.svg,book-quran,1085,,,
fi-rr-book-section.svg,book-section,825,,,
fi-rr-book-spells.svg,book-spells,1002,,,
fi-rr-book-tanakh.svg,book-tanakh,1172,,,
fi-rr-book-user.svg,book-user,817,,,
fi-rr-book-world.svg,book-world,1465,,,
fi-rr-book.svg,book,381,,,
fi-rr-bookmark-slash.svg,bookmark-slash,753,,,
fi-rr-bookmark.svg,bookmark,487,,,
fi-rr-books-lightbulb.svg,books-lightbulb,1390,,,
fi-rr-books-medical.svg,books-medical,1274,,,
fi-rr-books.svg,books,973,,,
fi-rr-boot-heeled.svg,boot-heeled,910,,,
fi-rr-boot.svg,boot,720,,,
fi-rr-booth-curtain.svg,booth-curtain,895,,,
fi-rr-border-all.svg,border-all,397,,,
fi-rr-border-bottom.svg,border-bottom,1480,,,
fi-rr-border-center-h.svg,border-center-h,1480,,,
fi-rr-border-center-v.svg,border-center-v,1481,,,
fi-rr-border-inner.svg,border-inner,1239,,,
fi-rr-border-left.svg,border-left,1487,D9 POSITION - (96),D9,POSITION -
fi-rr-border-none.svg,border-none,1812,,,
fi-rr-border-outer.svg,border-outer,746,,,
fi-rr-border-right.svg,border-right,1511,D10 POSITION + (96),D10,POSITION +
fi-rr-border-style-alt.svg,border-style-alt,801,,,
fi-rr-border-style.svg,border-style,837,,,
fi-rr-border-top.svg,border-top,1482,,,
fi-rr-boss.svg,boss,601,,,
fi-rr-bottle-baby.svg,bottle-baby,762,,,
fi-rr-bottle-droplet.svg,bottle-droplet,913,,,
fi-rr-bottle.svg,bottle,612,,,
fi-rr-bow-arrow.svg,bow-arrow,844,,,
fi-rr-bowl-chopsticks-noodles.svg,bowl-chopsticks-noodles,1080,,,
fi-rr-bowl-chopsticks.svg,bowl-chopsticks,990,,,
fi-rr-bowl-rice.svg,bowl-rice,1681,,,
fi-rr-bowl-scoop.svg,bowl-scoop,852,,,
fi-rr-bowl-scoops.svg,bowl-scoops,1178,,,
fi-rr-bowl-soft-serve.svg,bowl-soft-serve,1579,,,
fi-rr-bowl-spoon.svg,bowl-spoon,963,,,
fi-rr-bowling-ball.svg,bowling-ball,380,,,
fi-rr-bowling-pins.svg,bowling-pins,1614,,,
fi-rr-bowling.svg,bowling,1076,,,
fi-rr-box-add.svg,box-add,1033,,,
fi-rr-box-alt.svg,box-alt,445,,,
fi-rr-box-ballot.svg,box-ballot,521,,,
fi-rr-box-calendar.svg,box-calendar,665,,,
fi-rr-box-check.svg,box-check,762,,,
fi-rr-box-circle-check.svg,box-circle-check,854,,,
fi-rr-box-connection.svg,box-connection,1092,,,
fi-rr-box-diamond.svg,box-diamond,983,,,
fi-rr-box-distribution.svg,box-distribution,1329,,,
fi-rr-box-dollar.svg,box-dollar,965,,,
fi-rr-box-extendable.svg,box-extendable,1643,,,
fi-rr-box-filter.svg,box-filter,1214,,,
fi-rr-box-fragile.svg,box-fragile,837,,,
fi-rr-box-headphone.svg,box-headphone,1194,,,
fi-rr-box-heart.svg,box-heart,887,,,
fi-rr-box-idea.svg,box-idea,1390,,,
fi-rr-box-loading.svg,box-loading,2366,,,
fi-rr-box-magnet.svg,box-magnet,1430,,,
fi-rr-box-megaphone.svg,box-megaphone,1089,,,
fi-rr-box-mobile.svg,box-mobile,961,,,
fi-rr-box-open-full.svg,box-open-full,1631,,,
fi-rr-box-open.svg,box-open,1414,,,
fi-rr-box-remove.svg,box-remove,941,,,
fi-rr-box-return.svg,box-return,1114,,,
fi-rr-box-route.svg,box-route,1695,,,
fi-rr-box-security.svg,box-security,1097,,,
fi-rr-box-stars.svg,box-stars,1537,A13 FX (96),A13,FX
fi-rr-box-target.svg,box-target,1043,,,
fi-rr-box-tissue.svg,box-tissue,1474,,,
fi-rr-box-up.svg,box-up,885,D16 PITCH + (96),D16,PITCH +
fi-rr-box.svg,box,462,,,
fi-rr-boxes.svg,boxes,716,,,
fi-rr-boxing-glove.svg,boxing-glove,687,,,
fi-rr-bracket-curly-right.svg,bracket-curly-right,511,D10 POSITION + (96),D10,POSITION +
fi-rr-bracket-curly.svg,bracket-curly,513,,,
fi-rr-bracket-round-right.svg,bracket-round-right,405,D10 POSITION + (96),D10,POSITION +
fi-rr-bracket-round.svg,bracket-round,405,,,
fi-rr-bracket-square-right.svg,bracket-square-right,324,D10 POSITION + (96); E1 ENV SQUARE (96),D10,POSITION +
fi-rr-bracket-square.svg,bracket-square,326,E1 ENV SQUARE (96),E1,ENV SQUARE
fi-rr-brackets-curly.svg,brackets-curly,885,,,
fi-rr-brackets-round.svg,brackets-round,641,,,
fi-rr-brackets-square.svg,brackets-square,471,E1 ENV SQUARE (96),E1,ENV SQUARE
fi-rr-braille-a.svg,braille-a,1043,,,
fi-rr-braille-b.svg,braille-b,972,,,
fi-rr-braille-c.svg,braille-c,970,,,
fi-rr-braille-d.svg,braille-d,891,,,
fi-rr-braille-e.svg,braille-e,971,,,
fi-rr-braille-g.svg,braille-g,812,,,
fi-rr-braille-h.svg,braille-h,892,,,
fi-rr-braille-hand.svg,braille-hand,1441,,,
fi-rr-braille-i.svg,braille-i,974,,,
fi-rr-braille-j.svg,braille-j,894,,,
fi-rr-braille-k.svg,braille-k,973,,,
fi-rr-braille-l.svg,braille-l,902,,,
fi-rr-braille-m.svg,braille-m,898,,,
fi-rr-braille-n-alt.svg,braille-n-alt,731,,,
fi-rr-braille-n.svg,braille-n,819,,,
fi-rr-braille-o.svg,braille-o,890,,,
fi-rr-braille-p.svg,braille-p,823,,,
fi-rr-braille-q.svg,braille-q,733,,,
fi-rr-braille-r.svg,braille-r,813,,,
fi-rr-braille-s.svg,braille-s,897,,,
fi-rr-braille-t.svg,braille-t,820,,,
fi-rr-braille-u.svg,braille-u,891,,,
fi-rr-braille-v.svg,braille-v,811,,,
fi-rr-braille-w.svg,braille-w,813,,,
fi-rr-braille-x.svg,braille-x,808,,,
fi-rr-braille-y.svg,braille-y,734,,,
fi-rr-braille-z.svg,braille-z,814,,,
fi-rr-braille.svg,braille,919,,,
fi-rr-brain-bulb.svg,brain-bulb,2239,,,
fi-rr-brain-circuit.svg,brain-circuit,1835,A12 ANALOG (96),A12,ANALOG
fi-rr-brain-doubt.svg,brain-doubt,2819,,,
fi-rr-brain-half-lightbulb.svg,brain-half-lightbulb,1298,,,
fi-rr-brain-lightning.svg,brain-lightning,1968,,,
fi-rr-brain-question-mark.svg,brain-question-mark,1967,,,
fi-rr-brain-stress.svg,brain-stress,1640,,,
fi-rr-brain.svg,brain,1255,,,
fi-rr-brake-warning.svg,brake-warning,910,,,
fi-rr-branching.svg,branching,1065,,,
fi-rr-brand-badge.svg,brand-badge,2514,,,
fi-rr-brand-strategy.svg,brand-strategy,1430,,,
fi-rr-brand.svg,brand,1059,,,
fi-rr-branding.svg,branding,1117,,,
fi-rr-brazil-flag-circle.svg,brazil-flag-circle,1045,,,
fi-rr-brazil-flag.svg,brazil-flag,1073,,,
fi-rr-brazil.svg,brazil,1775,,,
fi-rr-bread-loaf.svg,bread-loaf,734,,,
fi-rr-bread-slice-butter.svg,bread-slice-butter,1133,,,
fi-rr-bread-slice.svg,bread-slice,742,,,
fi-rr-bread.svg,bread,676,,,
fi-rr-break-time.svg,break-time,1232,,,
fi-rr-bridge-circle-check.svg,bridge-circle-check,1074,,,
fi-rr-bridge-collapse.svg,bridge-collapse,1409,,,
fi-rr-bridge-construction.svg,bridge-construction,1120,,,
fi-rr-bridge-suspension.svg,bridge-suspension,1265,,,
fi-rr-bridge-water.svg,bridge-water,1829,,,
fi-rr-bridge.svg,bridge,807,,,
fi-rr-briefcase-arrow-right.svg,briefcase-arrow-right,724,D10 POSITION + (97); H8 PATTERN + (97),D10,POSITION +
fi-rr-briefcase-blank.svg,briefcase-blank,471,,,
fi-rr-briefcase-dollar.svg,briefcase-dollar,998,,,
fi-rr-briefcase-filter.svg,briefcase-filter,834,,,
fi-rr-briefcase.svg,briefcase,472,,,
fi-rr-brightness-control.svg,brightness-control,984,,,
fi-rr-brightness-low.svg,brightness-low,916,,,
fi-rr-brightness.svg,brightness,1042,,,
fi-rr-bring-forward.svg,bring-forward,529,,,
fi-rr-bring-front.svg,bring-front,915,,,
fi-rr-broadcast-tower.svg,broadcast-tower,1353,,,
fi-rr-broccoli.svg,broccoli,1065,,,
fi-rr-broken-arm.svg,broken-arm,872,,,
fi-rr-broken-chain-link-wrong.svg,broken-chain-link-wrong,1886,,,
fi-rr-broken-image.svg,broken-image,809,,,
fi-rr-broken-leg.svg,broken-leg,1074,,,
fi-rr-broken-nail.svg,broken-nail,925,,,
fi-rr-broom-ball.svg,broom-ball,1083,,,
fi-rr-broom.svg,broom,1155,,,
fi-rr-brownie.svg,brownie,1424,,,
fi-rr-browser-css.svg,browser-css,1904,,,
fi-rr-browser-lock-alert.svg,browser-lock-alert,1156,D2 HOLD/GATE (96),D2,HOLD/GATE
fi-rr-browser-ui.svg,browser-ui,753,,,
fi-rr-browser.svg,browser,556,,,
fi-rr-browsers.svg,browsers,564,,,
fi-rr-brush.svg,brush,484,,,
fi-rr-bubble-discussion.svg,bubble-discussion,975,,,
fi-rr-bubble-tea.svg,bubble-tea,1073,,,
fi-rr-bucket.svg,bucket,795,,,
fi-rr-budget-alt.svg,budget-alt,914,,,
fi-rr-budget.svg,budget,1902,,,
fi-rr-bug-fix.svg,bug-fix,1614,G14 GLITCH (96),G14,GLITCH
fi-rr-bug-folder.svg,bug-folder,1326,E15 BANK - (96); E16 BANK + (96); G14 GLITCH (96),E15,BANK -
fi-rr-bug-magnifier.svg,bug-magnifier,1153,G14 GLITCH (96),G14,GLITCH
fi-rr-bug-report.svg,bug-report,1757,G14 GLITCH (96),G14,GLITCH
fi-rr-bug-slash.svg,bug-slash,1184,G14 GLITCH (96),G14,GLITCH
fi-rr-bug.svg,bug,777,G14 GLITCH (121),G14,GLITCH
fi-rr-bugs.svg,bugs,1470,,,
fi-rr-build-alt.svg,build-alt,645,,,
fi-rr-build.svg,build,1028,,,
fi-rr-builder.svg,builder,1228,,,
fi-rr-building-car.svg,building-car,1337,,,
fi-rr-building-check.svg,building-check,1092,,,
fi-rr-building-circle-arrow-right.svg,building-circle-arrow-right,1151,D10 POSITION + (97); H8 PATTERN + (97),D10,POSITION +
fi-rr-building-flag.svg,building-flag,1316,,,
fi-rr-building-foundation.svg,building-foundation,907,,,
fi-rr-building-lock.svg,building-lock,1183,D2 HOLD/GATE (96),D2,HOLD/GATE
fi-rr-building-materials.svg,building-materials,1541,,,
fi-rr-building-ngo.svg,building-ngo,1690,,,
fi-rr-building-shield.svg,building-shield,1331,,,
fi-rr-building-user.svg,building-user,1216,,,
fi-rr-building-xmark.svg,building-xmark,1192,,,
fi-rr-building.svg,building,803,,,
fi-rr-bulb-speech-bubble.svg,bulb-speech-bubble,1242,,,
fi-rr-bulb.svg,bulb,761,,,
fi-rr-bull-market.svg,bull-market,1356,,,
fi-rr-bullet.svg,bullet,291,,,
fi-rr-bullhorn.svg,bullhorn,1000,,,
fi-rr-bullseye-arrow.svg,bullseye-arrow,1250,,,
fi-rr-bullseye-pointer.svg,bullseye-pointer,1145,,,
fi-rr-bullseye.svg,bullseye,568,,,
fi-rr-buoy.svg,buoy,1656,,,
fi-rr-burger-alt.svg,burger-alt,600,,,
fi-rr-burger-fries.svg,burger-fries,1332,,,
fi-rr-burger-glass.svg,burger-glass,811,,,
fi-rr-burnout.svg,burnout,1128,,,
fi-rr-burrito.svg,burrito,976,,,
fi-rr-burst.svg,burst,1669,,,
fi-rr-bus-alt.svg,bus-alt,723,,,
fi-rr-bus-ticket.svg,bus-ticket,1030,,,
fi-rr-bus.svg,bus,630,,,
fi-rr-business-deal.svg,business-deal,1072,,,
fi-rr-business-growth.svg,business-growth,1291,,,
fi-rr-business-meeting.svg,business-meeting,1245,,,
fi-rr-business-podcast.svg,business-podcast,1490,,,
fi-rr-business-time.svg,business-time,865,,,
fi-rr-business-value.svg,business-value,721,,,
fi-rr-butterfly.svg,butterfly,1375,,,
fi-rr-button-buy.svg,button-buy,1297,,,
fi-rr-button-cancel.svg,button-cancel,2021,G16 FX BYPASS/KILL (96),G16,FX BYPASS/KILL
fi-rr-button-chat.svg,button-chat,1313,,,
fi-rr-button-customize.svg,button-customize,2628,,,
fi-rr-button-donate.svg,button-donate,1637,,,
fi-rr-button-download.svg,button-download,2110,,,
fi-rr-button-play.svg,button-play,1184,H1 PLAY/STOP (96),H1,PLAY/STOP
fi-rr-button-share.svg,button-share,2008,,,
fi-rr-button-upload.svg,button-upload,1567,,,
fi-rr-button.svg,button,582,,,
fi-rr-c.svg,c,538,,,
fi-rr-cabin.svg,cabin,920,,,
fi-rr-cache-clean.svg,cache-clean,1594,,,
fi-rr-cactus.svg,cactus,1226,,,
fi-rr-cage-empty.svg,cage-empty,749,,,
fi-rr-cake-birthday.svg,cake-birthday,749,,,
fi-rr-cake-slice.svg,cake-slice,678,,,
fi-rr-cake-wedding.svg,cake-wedding,875,,,
fi-rr-calculator-bill.svg,calculator-bill,1178,,,
fi-rr-calculator-math-tax.svg,calculator-math-tax,1582,,,
fi-rr-calculator-money.svg,calculator-money,1102,,,
fi-rr-calculator-simple.svg,calculator-simple,1050,,,
fi-rr-calculator.svg,calculator,657,,,
fi-rr-calendar-arrow-down.svg,calendar-arrow-down,727,D15 PITCH - (97),D15,PITCH -
fi-rr-calendar-arrow-up.svg,calendar-arrow-up,725,D16 PITCH + (97),D16,PITCH +
fi-rr-calendar-birhtday-cake.svg,calendar-birhtday-cake,1017,,,
fi-rr-calendar-call.svg,calendar-call,752,,,
fi-rr-calendar-check.svg,calendar-check,736,,,
fi-rr-calendar-clock.svg,calendar-clock,862,D7 SYNC/FREE (96); G6 DELAY (96),D7,SYNC/FREE
fi-rr-calendar-day.svg,calendar-day,578,,,
fi-rr-calendar-days.svg,calendar-days,594,,,
fi-rr-calendar-event-tax.svg,calendar-event-tax,1259,,,
fi-rr-calendar-exclamation.svg,calendar-exclamation,646,,,
fi-rr-calendar-gavel-legal.svg,calendar-gavel-legal,959,,,
fi-rr-calendar-heart.svg,calendar-heart,881,,,
fi-rr-calendar-image.svg,calendar-image,785,,,
fi-rr-calendar-lines-pen.svg,calendar-lines-pen,1030,,,
fi-rr-calendar-lines.svg,calendar-lines,611,,,
fi-rr-calendar-microphone.svg,calendar-microphone,701,A6 SOLO (96); H2 RECORD (96),A6,SOLO
fi-rr-calendar-minus.svg,calendar-minus,536,D11 LENGTH - (96); D13 DENSITY - (96); H5 TEMPO - (96),D11,LENGTH -
fi-rr-calendar-payment-loan.svg,calendar-payment-loan,826,,,
fi-rr-calendar-pen.svg,calendar-pen,864,,,
fi-rr-calendar-plane.svg,calendar-plane,757,,,
fi-rr-calendar-plus.svg,calendar-plus,610,D12 LENGTH + (96); D14 DENSITY + (96); H6 TEMPO + (96),D12,LENGTH +
fi-rr-calendar-salary.svg,calendar-salary,1344,,,
fi-rr-calendar-shift-swap.svg,calendar-shift-swap,1249,,,
fi-rr-calendar-star.svg,calendar-star,857,,,
fi-rr-calendar-swap.svg,calendar-swap,797,,,
fi-rr-calendar-update.svg,calendar-update,1063,,,
fi-rr-calendar-week.svg,calendar-week,583,,,
fi-rr-calendar-xmark.svg,calendar-xmark,828,,,
fi-rr-calendar.svg,calendar,487,,,
fi-rr-calendars.svg,calendars,572,,,
fi-rr-call-duration.svg,call-duration,1366,,,
fi-rr-call-forbidden.svg,call-forbidden,1155,,,
fi-rr-call-history.svg,call-history,1140,,,
fi-rr-call-incoming.svg,call-incoming,980,,,
fi-rr-call-missed.svg,call-missed,1153,,,
fi-rr-call-outgoing.svg,call-outgoing,928,,,
fi-rr-camcorder.svg,camcorder,883,,,
fi-rr-camera-cctv.svg,camera-cctv,1012,D5 CAPTURE (96),D5,CAPTURE
fi-rr-camera-movie.svg,camera-movie,1020,D5 CAPTURE (96),D5,CAPTURE
fi-rr-camera-notification.svg,camera-notification,714,D5 CAPTURE (96),D5,CAPTURE
fi-rr-camera-retro.svg,camera-retro,750,D5 CAPTURE (96),D5,CAPTURE
fi-rr-camera-rotate.svg,camera-rotate,1090,D5 CAPTURE (96),D5,CAPTURE
fi-rr-camera-security.svg,camera-security,849,D5 CAPTURE (96),D5,CAPTURE
fi-rr-camera-slash.svg,camera-slash,1039,D5 CAPTURE (96),D5,CAPTURE
fi-rr-camera-viewfinder.svg,camera-viewfinder,983,D5 CAPTURE (96),D5,CAPTURE
fi-rr-camera.svg,camera,599,D5 CAPTURE (121),D5,CAPTURE
fi-rr-campfire.svg,campfire,1606,,,
fi-rr-camping.svg,camping,505,,,
fi-rr-can-food.svg,can-food,809,,,
fi-rr-candle-holder.svg,candle-holder,693,,,
fi-rr-candle-lotus-yoga.svg,candle-lotus-yoga,1248,,,
fi-rr-candle-pose-yoga.svg,candle-pose-yoga,661,,,
fi-rr-candy-alt.svg,candy-alt,567,,,
fi-rr-candy-bar.svg,candy-bar,1168,,,
fi-rr-candy-cane.svg,candy-cane,1491,,,
fi-rr-candy-corn.svg,candy-corn,1599,,,
fi-rr-candy-sweet.svg,candy-sweet,880,,,
fi-rr-candy.svg,candy,925,,,
fi-rr-canned-food.svg,canned-food,366,,,
fi-rr-cannon.svg,cannon,1077,,,
fi-rr-canoe.svg,canoe,2104,,,
fi-rr-capsules.svg,capsules,964,,,
fi-rr-car-alt.svg,car-alt,898,,,
fi-rr-car-battery.svg,car-battery,631,,,
fi-rr-car-bolt.svg,car-bolt,1353,,,
fi-rr-car-building.svg,car-building,1161,,,
fi-rr-car-bump.svg,car-bump,976,,,
fi-rr-car-bus.svg,car-bus,1053,,,
fi-rr-car-charger-bolt.svg,car-charger-bolt,1000,,,
fi-rr-car-circle-bolt.svg,car-circle-bolt,1183,,,
fi-rr-car-crash.svg,car-crash,1332,C11 CRASH (96),C11,CRASH
fi-rr-car-garage.svg,car-garage,816,,,
fi-rr-car-journey.svg,car-journey,982,,,
fi-rr-car-mechanic.svg,car-mechanic,924,,,
fi-rr-car-oil.svg,car-oil,909,,,
fi-rr-car-rear.svg,car-rear,1042,,,
fi-rr-car-side-bolt.svg,car-side-bolt,1269,,,
fi-rr-car-side.svg,car-side,693,,,
fi-rr-car-tilt.svg,car-tilt,1008,,,
fi-rr-car-tunnel.svg,car-tunnel,997,,,
fi-rr-car-wash.svg,car-wash,1004,,,
fi-rr-car.svg,car,746,,,
fi-rr-caravan-alt.svg,caravan-alt,1654,,,
fi-rr-caravan.svg,caravan,1518,,,
fi-rr-carbon-cloud-arrow-down.svg,carbon-cloud-arrow-down,2063,D15 PITCH - (97),D15,PITCH -
fi-rr-carbon-cloud.svg,carbon-cloud,1861,,,
fi-rr-carbon-footprint.svg,carbon-footprint,2494,,,
fi-rr-card-club.svg,card-club,811,,,
fi-rr-card-diamond.svg,card-diamond,513,,,
fi-rr-card-heart.svg,card-heart,503,,,
fi-rr-card-security.svg,card-security,806,,,
fi-rr-card-spade.svg,card-spade,599,,,
fi-rr-cardinal-compass.svg,cardinal-compass,1347,,,
fi-rr-cards-blank.svg,cards-blank,715,,,
fi-rr-career-growth.svg,career-growth,1235,,,
fi-rr-career-path.svg,career-path,832,,,
fi-rr-caret-circle-down.svg,caret-circle-down,379,D15 PITCH - (96),D15,PITCH -
fi-rr-caret-circle-right.svg,caret-circle-right,376,D10 POSITION + (96),D10,POSITION +
fi-rr-caret-circle-up.svg,caret-circle-up,376,D16 PITCH + (96),D16,PITCH +
fi-rr-caret-down.svg,caret-down,244,D15 PITCH - (96),D15,PITCH -
fi-rr-caret-left.svg,caret-left,248,D9 POSITION - (96),D9,POSITION -
fi-rr-caret-quare-up.svg,caret-quare-up,453,D16 PITCH + (96),D16,PITCH +
fi-rr-caret-right.svg,caret-right,244,D10 POSITION + (96),D10,POSITION +
fi-rr-caret-square-down.svg,caret-square-down,454,D15 PITCH - (96); E1 ENV SQUARE (96),D15,PITCH -
fi-rr-caret-square-left.svg,caret-square-left,378,D9 POSITION - (96); E1 ENV SQUARE (96),D9,POSITION -
fi-rr-caret-square-left_1.svg,caret-square-left_1,454,D9 POSITION - (96); E1 ENV SQUARE (96),D9,POSITION -
fi-rr-caret-square-right.svg,caret-square-right,452,D10 POSITION + (96); E1 ENV SQUARE (96),D10,POSITION +
fi-rr-caret-up.svg,caret-up,246,D16 PITCH + (96),D16,PITCH +
fi-rr-carrot.svg,carrot,942,,,
fi-rr-cars-crash.svg,cars-crash,2275,C11 CRASH (96),C11,CRASH
fi-rr-cars.svg,cars,952,,,
fi-rr-cart-arrow-down.svg,cart-arrow-down,956,D15 PITCH - (97),D15,PITCH -
fi-rr-cart-minus.svg,cart-minus,726,D11 LENGTH - (96); D13 DENSITY - (96); H5 TEMPO - (96),D11,LENGTH -
fi-rr-cart-shopping-fast.svg,cart-shopping-fast,909,H6 TEMPO + (96),H6,TEMPO +
fi-rr-case-study.svg,case-study,816,,,
fi-rr-cash-register.svg,cash-register,830,,,
fi-rr-cassette-tape.svg,cassette-tape,708,G12 TAPE STOP (96),G12,TAPE STOP
fi-rr-cassette-vhs.svg,cassette-vhs,760,G12 TAPE STOP (96),G12,TAPE STOP
fi-rr-castle-tower.svg,castle-tower,560,,,
fi-rr-castle.svg,castle,719,,,
fi-rr-cat-dog.svg,cat-dog,1444,,,
fi-rr-cat-head.svg,cat-head,1435,,,
fi-rr-cat-space.svg,cat-space,1380,E10 SPACE - (96); E11 SPACE + (96),E10,SPACE -
fi-rr-cat.svg,cat,1104,,,
fi-rr-catalog-alt.svg,catalog-alt,1563,,,
fi-rr-catalog-magazine.svg,catalog-magazine,2496,,,
fi-rr-catalog.svg,catalog,890,,,
fi-rr-category-alt.svg,category-alt,865,,,
fi-rr-category.svg,category,838,,,
fi-rr-cauldron.svg,cauldron,1062,,,
fi-rr-caulk-gun.svg,caulk-gun,998,,,
fi-rr-cctv-alert.svg,cctv-alert,1141,,,
fi-rr-cctv-camera-sign.svg,cctv-camera-sign,969,D5 CAPTURE (96),D5,CAPTURE
fi-rr-cdn.svg,cdn,2626,,,
fi-rr-cedi-sign.svg,cedi-sign,615,,,
fi-rr-cell.svg,cell,1034,,,
fi-rr-cello.svg,cello,1594,,,
fi-rr-cent-sign.svg,cent-sign,595,,,
fi-rr-certificate.svg,certificate,1535,,,
fi-rr-ceviche.svg,ceviche,1583,,,
fi-rr-chai-tea.svg,chai-tea,1739,,,
fi-rr-chair-director.svg,chair-director,752,,,
fi-rr-chair-office.svg,chair-office,724,,,
fi-rr-chair.svg,chair,551,,,
fi-rr-chalkboard-user.svg,chalkboard-user,718,,,
fi-rr-chalkboard.svg,chalkboard,380,,,
fi-rr-challenge-alt.svg,challenge-alt,1601,,,
fi-rr-challenge.svg,challenge,1000,,,
fi-rr-chamomile.svg,chamomile,3885,,,
fi-rr-channel.svg,channel,1354,,,
fi-rr-character.svg,character,1016,,,
fi-rr-charging-station.svg,charging-station,732,,,
fi-rr-chart-area.svg,chart-area,824,E2 ENV TRAPEZOID (96); E3 ENV HANN (96); E4 ENV GAUSSIAN (96),E2,ENV TRAPEZOID
fi-rr-chart-bullet.svg,chart-bullet,639,E2 ENV TRAPEZOID (96); E3 ENV HANN (96); E4 ENV GAUSSIAN (96),E2,ENV TRAPEZOID
fi-rr-chart-candlestick.svg,chart-candlestick,586,E2 ENV TRAPEZOID (96); E3 ENV HANN (96); E4 ENV GAUSSIAN (96),E2,ENV TRAPEZOID
fi-rr-chart-connected.svg,chart-connected,904,E2 ENV TRAPEZOID (96); E3 ENV HANN (96); E4 ENV GAUSSIAN (96),E2,ENV TRAPEZOID
fi-rr-chart-gantt.svg,chart-gantt,491,E2 ENV TRAPEZOID (96); E3 ENV HANN (96); E4 ENV GAUSSIAN (96),E2,ENV TRAPEZOID
fi-rr-chart-histogram.svg,chart-histogram,704,E2 ENV TRAPEZOID (96); E3 ENV HANN (96); E4 ENV GAUSSIAN (96),E2,ENV TRAPEZOID
fi-rr-chart-kanban.svg,chart-kanban,610,E2 ENV TRAPEZOID (96); E3 ENV HANN (96); E4 ENV GAUSSIAN (96),E2,ENV TRAPEZOID
fi-rr-chart-line-up-down.svg,chart-line-up-down,878,D15 PITCH - (96); D16 PITCH + (96); E2 ENV TRAPEZOID (96); E3 ENV HANN (96); E4 ENV GAUSSIAN (96),D15,PITCH -
fi-rr-chart-line-up.svg,chart-line-up,724,D16 PITCH + (96); E2 ENV TRAPEZOID (96); E3 ENV HANN (96); E4 ENV GAUSSIAN (96),D16,PITCH +
fi-rr-chart-mixed-up-circle-currency.svg,chart-mixed-up-circle-currency,1422,D16 PITCH + (96); E2 ENV TRAPEZOID (96); E3 ENV HANN (96); E4 ENV GAUSSIAN (96),D16,PITCH +
fi-rr-chart-mixed-up-circle-dollar.svg,chart-mixed-up-circle-dollar,1490,D16 PITCH + (96); E2 ENV TRAPEZOID (96); E3 ENV HANN (96); E4 ENV GAUSSIAN (96),D16,PITCH +
fi-rr-chart-mixed.svg,chart-mixed,844,E2 ENV TRAPEZOID (96); E3 ENV HANN (96); E4 ENV GAUSSIAN (96),E2,ENV TRAPEZOID
fi-rr-chart-network.svg,chart-network,573,E2 ENV TRAPEZOID (96); E3 ENV HANN (96); E4 ENV GAUSSIAN (96),E2,ENV TRAPEZOID
fi-rr-chart-pie-alt.svg,chart-pie-alt,792,E2 ENV TRAPEZOID (96); E3 ENV HANN (96); E4 ENV GAUSSIAN (96),E2,ENV TRAPEZOID
fi-rr-chart-pie-simple-circle-currency.svg,chart-pie-simple-circle-currency,1602,E2 ENV TRAPEZOID (96); E3 ENV HANN (96); E4 ENV GAUSSIAN (96),E2,ENV TRAPEZOID
fi-rr-chart-pie-simple-circle-dollar.svg,chart-pie-simple-circle-dollar,1627,E2 ENV TRAPEZOID (96); E3 ENV HANN (96); E4 ENV GAUSSIAN (96),E2,ENV TRAPEZOID
fi-rr-chart-pie.svg,chart-pie,520,E2 ENV TRAPEZOID (96); E3 ENV HANN (96); E4 ENV GAUSSIAN (96),E2,ENV TRAPEZOID
fi-rr-chart-pyramid.svg,chart-pyramid,471,E2 ENV TRAPEZOID (96); E3 ENV HANN (96); E4 ENV GAUSSIAN (96),E2,ENV TRAPEZOID
fi-rr-chart-radar.svg,chart-radar,866,E2 ENV TRAPEZOID (96); E3 ENV HANN (96); E4 ENV GAUSSIAN (96),E2,ENV TRAPEZOID
fi-rr-chart-scatter-3d.svg,chart-scatter-3d,997,E2 ENV TRAPEZOID (96); E3 ENV HANN (96); E4 ENV GAUSSIAN (96); E6 SPRAY - (96); E7 SPRAY + (96),E2,ENV TRAPEZOID
fi-rr-chart-scatter-bubble.svg,chart-scatter-bubble,721,E2 ENV TRAPEZOID (96); E3 ENV HANN (96); E4 ENV GAUSSIAN (96); E6 SPRAY - (96); E7 SPRAY + (96),E2,ENV TRAPEZOID
fi-rr-chart-scatter.svg,chart-scatter,659,E2 ENV TRAPEZOID (96); E3 ENV HANN (96); E4 ENV GAUSSIAN (96); E6 SPRAY - (96); E7 SPRAY + (96),E2,ENV TRAPEZOID
fi-rr-chart-set-theory.svg,chart-set-theory,2100,E2 ENV TRAPEZOID (96); E3 ENV HANN (96); E4 ENV GAUSSIAN (96),E2,ENV TRAPEZOID
fi-rr-chart-simple-horizontal.svg,chart-simple-horizontal,577,E2 ENV TRAPEZOID (96); E3 ENV HANN (96); E4 ENV GAUSSIAN (96),E2,ENV TRAPEZOID
fi-rr-chart-simple.svg,chart-simple,598,E2 ENV TRAPEZOID (96); E3 ENV HANN (96); E4 ENV GAUSSIAN (96),E2,ENV TRAPEZOID
fi-rr-chart-tree-map.svg,chart-tree-map,910,E2 ENV TRAPEZOID (96); E3 ENV HANN (96); E4 ENV GAUSSIAN (96),E2,ENV TRAPEZOID
fi-rr-chart-tree.svg,chart-tree,513,E2 ENV TRAPEZOID (96); E3 ENV HANN (96); E4 ENV GAUSSIAN (96),E2,ENV TRAPEZOID
fi-rr-chart-user.svg,chart-user,864,E2 ENV TRAPEZOID (96); E3 ENV HANN (96); E4 ENV GAUSSIAN (96),E2,ENV TRAPEZOID
fi-rr-chart-waterfall.svg,chart-waterfall,537,E2 ENV TRAPEZOID (96); E3 ENV HANN (96); E4 ENV GAUSSIAN (96),E2,ENV TRAPEZOID
fi-rr-chat-arrow-down.svg,chat-arrow-down,588,D15 PITCH - (97),D15,PITCH -
fi-rr-chat-arrow-grow.svg,chat-arrow-grow,578,,,
fi-rr-chat-bubble-call.svg,chat-bubble-call,1385,,,
fi-rr-chat-notification.svg,chat-notification,893,,,
fi-rr-chatbot-speech-bubble.svg,chatbot-speech-bubble,1082,,,
fi-rr-chatbot.svg,chatbot,992,,,
fi-rr-cheap-bill.svg,cheap-bill,1094,,,
fi-rr-cheap-dollar.svg,cheap-dollar,1260,,,
fi-rr-cheap-stack-dollar.svg,cheap-stack-dollar,1584,A1 LAYER 1 (96); A2 LAYER 2 (96); A3 LAYER 3 (96); A4 LAYER 4 (96),A1,LAYER 1
fi-rr-cheap-stack.svg,cheap-stack,1051,A1 LAYER 1 (96); A2 LAYER 2 (96); A3 LAYER 3 (96); A4 LAYER 4 (96),A1,LAYER 1
fi-rr-cheap.svg,cheap,832,,,
fi-rr-check-circle.svg,check-circle,603,,,
fi-rr-check-double.svg,check-double,790,,,
fi-rr-check-in-calendar.svg,check-in-calendar,789,,,
fi-rr-check-out-calendar.svg,check-out-calendar,802,,,
fi-rr-check.svg,check,341,,,
fi-rr-checkbox.svg,checkbox,477,,,
fi-rr-checklist-task-budget.svg,checklist-task-budget,1665,,,
fi-rr-cheese-alt.svg,cheese-alt,650,,,
fi-rr-cheese-cake.svg,cheese-cake,1606,,,
fi-rr-cheese.svg,cheese,916,,,
fi-rr-cheeseburger.svg,cheeseburger,844,,,
fi-rr-cherry.svg,cherry,855,,,
fi-rr-chess-bishop.svg,chess-bishop,502,,,
fi-rr-chess-board.svg,chess-board,411,,,
fi-rr-chess-clock-alt.svg,chess-clock-alt,754,D7 SYNC/FREE (96); G6 DELAY (96),D7,SYNC/FREE
fi-rr-chess-clock.svg,chess-clock,774,D7 SYNC/FREE (96); G6 DELAY (96),D7,SYNC/FREE
fi-rr-chess-king-alt.svg,chess-king-alt,609,,,
fi-rr-chess-king.svg,chess-king,655,,,
fi-rr-chess-knight-alt.svg,chess-knight-alt,647,,,
fi-rr-chess-knight.svg,chess-knight,604,,,
fi-rr-chess-pawn-alt.svg,chess-pawn-alt,471,,,
fi-rr-chess-piece.svg,chess-piece,783,,,
fi-rr-chess-queen-alt.svg,chess-queen-alt,750,,,
fi-rr-chess-queen.svg,chess-queen,740,,,
fi-rr-chess-rook-alt.svg,chess-rook-alt,704,,,
fi-rr-chess-rook.svg,chess-rook,628,,,
fi-rr-chess.svg,chess,945,,,
fi-rr-chevron-double-dots-down.svg,chevron-double-dots-down,847,A10 GRANULAR (96); D15 PITCH - (96),A10,GRANULAR
fi-rr-chevron-double-dots-left.svg,chevron-double-dots-left,829,A10 GRANULAR (96); D9 POSITION - (96),A10,GRANULAR
fi-rr-chevron-double-dots-right.svg,chevron-double-dots-right,872,A10 GRANULAR (96); D10 POSITION + (96),A10,GRANULAR
fi-rr-chevron-double-dots-up.svg,chevron-double-dots-up,833,A10 GRANULAR (96); D16 PITCH + (96),A10,GRANULAR
fi-rr-chevron-double-down.svg,chevron-double-down,494,D15 PITCH - (96),D15,PITCH -
fi-rr-chevron-double-up.svg,chevron-double-up,494,D16 PITCH + (96),D16,PITCH +
fi-rr-chicken-bucket.svg,chicken-bucket,889,,,
fi-rr-child-head.svg,child-head,1149,,,
fi-rr-child.svg,child,527,,,
fi-rr-chimney-smoke.svg,chimney-smoke,1051,,,
fi-rr-chimney.svg,chimney,491,,,
fi-rr-chinese-temple.svg,chinese-temple,1568,,,
fi-rr-chip-brain.svg,chip-brain,1816,,,
fi-rr-chip.svg,chip,977,,,
fi-rr-chocolate.svg,chocolate,915,,,
fi-rr-choir-singing.svg,choir-singing,1759,G1 CHORUS (96),G1,CHORUS
fi-rr-choose-alt.svg,choose-alt,1459,,,
fi-rr-choose.svg,choose,1528,,,
fi-rr-church.svg,church,741,,,
fi-rr-churros.svg,churros,1457,,,
fi-rr-cinnamon-roll.svg,cinnamon-roll,1016,,,
fi-rr-circle-0.svg,circle-0,484,,,
fi-rr-circle-1.svg,circle-1,491,,,
fi-rr-circle-2.svg,circle-2,704,,,
fi-rr-circle-3.svg,circle-3,592,,,
fi-rr-circle-4.svg,circle-4,470,,,
fi-rr-circle-5.svg,circle-5,651,,,
fi-rr-circle-6.svg,circle-6,549,,,
fi-rr-circle-7.svg,circle-7,555,,,
fi-rr-circle-8.svg,circle-8,686,,,
fi-rr-circle-9.svg,circle-9,556,,,
fi-rr-circle-a.svg,circle-a,703,,,
fi-rr-circle-b.svg,circle-b,851,,,
fi-rr-circle-bolt.svg,circle-bolt,616,,,
fi-rr-circle-book-open.svg,circle-book-open,992,,,
fi-rr-circle-bookmark.svg,circle-bookmark,616,,,
fi-rr-circle-c.svg,circle-c,758,,,
fi-rr-circle-calendar.svg,circle-calendar,569,,,
fi-rr-circle-camera.svg,circle-camera,668,D5 CAPTURE (96),D5,CAPTURE
fi-rr-circle-d.svg,circle-d,586,,,
fi-rr-circle-dashed.svg,circle-dashed,1785,,,
fi-rr-circle-divide.svg,circle-divide,536,,,
fi-rr-circle-e.svg,circle-e,552,,,
fi-rr-circle-ellipsis-vertical.svg,circle-ellipsis-vertical,544,,,
fi-rr-circle-ellipsis.svg,circle-ellipsis,542,,,
fi-rr-circle-envelope.svg,circle-envelope,941,,,
fi-rr-circle-exclamation-check.svg,circle-exclamation-check,1007,,,
fi-rr-circle-f.svg,circle-f,514,,,
fi-rr-circle-g.svg,circle-g,744,,,
fi-rr-circle-h.svg,circle-h,518,,,
fi-rr-circle-half-stroke.svg,circle-half-stroke,286,,,
fi-rr-circle-half.svg,circle-half,517,,,
fi-rr-circle-heart.svg,circle-heart,719,,,
fi-rr-circle-i.svg,circle-i,514,,,
fi-rr-circle-j.svg,circle-j,504,,,
fi-rr-circle-k.svg,circle-k,638,,,
fi-rr-circle-l.svg,circle-l,476,,,
fi-rr-circle-m.svg,circle-m,748,,,
fi-rr-circle-microphone-lines.svg,circle-microphone-lines,704,A6 SOLO (96); H2 RECORD (96),A6,SOLO
fi-rr-circle-microphone.svg,circle-microphone,563,A6 SOLO (96); H2 RECORD (96),A6,SOLO
fi-rr-circle-n.svg,circle-n,704,,,
fi-rr-circle-nodes.svg,circle-nodes,839,,,
fi-rr-circle-o.svg,circle-o,521,,,
fi-rr-circle-overlap.svg,circle-overlap,617,,,
fi-rr-circle-p.svg,circle-p,515,,,
fi-rr-circle-phone-flip.svg,circle-phone-flip,624,,,
fi-rr-circle-phone-hangup.svg,circle-phone-hangup,634,,,
fi-rr-circle-phone.svg,circle-phone,620,,,
fi-rr-circle-q.svg,circle-q,782,,,
fi-rr-circle-quarter.svg,circle-quarter,478,,,
fi-rr-circle-quarters-alt.svg,circle-quarters-alt,638,,,
fi-rr-circle-r.svg,circle-r,645,,,
fi-rr-circle-s.svg,circle-s,886,,,
fi-rr-circle-small.svg,circle-small,227,,,
fi-rr-circle-star.svg,circle-star,655,,,
fi-rr-circle-t.svg,circle-t,478,,,
fi-rr-circle-three-quarters.svg,circle-three-quarters,647,,,
fi-rr-circle-trash.svg,circle-trash,533,,,
fi-rr-circle-u.svg,circle-u,488,,,
fi-rr-circle-user.svg,circle-user,656,,,
fi-rr-circle-v.svg,circle-v,616,,,
fi-rr-circle-video.svg,circle-video,600,,,
fi-rr-circle-w.svg,circle-w,849,,,
fi-rr-circle-water-plug.svg,circle-water-plug,1364,,,
fi-rr-circle-waveform-lines.svg,circle-waveform-lines,574,A10 GRANULAR (96); A11 SYNTH (96); A12 ANALOG (96); G10 WAVEFOLD (96); G2 FLANGER (96); G3 PHASER (96); G4 TREMOLO (96); G5 VIBRATO (96); G7 REVERB (96),A10,GRANULAR
fi-rr-circle-wifi-circle-wifi.svg,circle-wifi-circle-wifi,1656,,,
fi-rr-circle-x.svg,circle-x,741,,,
fi-rr-circle-xmark.svg,circle-xmark,689,,,
fi-rr-circle-y.svg,circle-y,574,,,
fi-rr-circle-z.svg,circle-z,698,,,
fi-rr-circle.svg,circle,239,,,
fi-rr-citrus-slice.svg,citrus-slice,800,,,
fi-rr-citrus.svg,citrus,1224,,,
fi-rr-city.svg,city,1415,,,
fi-rr-civil-law.svg,civil-law,1376,,,
fi-rr-clapper-open.svg,clapper-open,771,,,
fi-rr-clapperboard-play.svg,clapperboard-play,695,H1 PLAY/STOP (96),H1,PLAY/STOP
fi-rr-clapperboard-question-mark.svg,clapperboard-question-mark,988,,,
fi-rr-clapperboard.svg,clapperboard,502,,,
fi-rr-clarinet.svg,clarinet,1296,,,
fi-rr-claw-marks.svg,claw-marks,602,,,
fi-rr-clear-alt.svg,clear-alt,1010,,,
fi-rr-clip-file.svg,clip-file,834,,,
fi-rr-clip-mail.svg,clip-mail,1095,,,
fi-rr-clip.svg,clip,501,,,
fi-rr-clipboard-check.svg,clipboard-check,748,A8 PASTE (96),A8,PASTE
fi-rr-clipboard-exclamation.svg,clipboard-exclamation,730,A8 PASTE (96),A8,PASTE
fi-rr-clipboard-list-check.svg,clipboard-list-check,942,A8 PASTE (96),A8,PASTE
fi-rr-clipboard-list.svg,clipboard-list,896,A8 PASTE (96),A8,PASTE
fi-rr-clipboard-prescription.svg,clipboard-prescription,1001,A8 PASTE (96),A8,PASTE
fi-rr-clipboard-question.svg,clipboard-question,979,A8 PASTE (96),A8,PASTE
fi-rr-clipboard-user.svg,clipboard-user,849,A8 PASTE (96),A8,PASTE
fi-rr-clipboard.svg,clipboard,572,A8 PASTE (121),A8,PASTE
fi-rr-clipoard-wrong.svg,clipoard-wrong,989,,,
fi-rr-clock-desk.svg,clock-desk,678,D7 SYNC/FREE (96); G6 DELAY (96),D7,SYNC/FREE
fi-rr-clock-eight-thirty.svg,clock-eight-thirty,486,D7 SYNC/FREE (96); G6 DELAY (96),D7,SYNC/FREE
fi-rr-clock-eleven-thirty.svg,clock-eleven-thirty,472,D7 SYNC/FREE (96); G6 DELAY (96),D7,SYNC/FREE
fi-rr-clock-eleven.svg,clock-eleven,542,D7 SYNC/FREE (96); G6 DELAY (96),D7,SYNC/FREE
fi-rr-clock-five-thirty.svg,clock-five-thirty,509,D7 SYNC/FREE (96); G6 DELAY (96),D7,SYNC/FREE
fi-rr-clock-five.svg,clock-five,494,D7 SYNC/FREE (96); G6 DELAY (96),D7,SYNC/FREE
fi-rr-clock-four-thirty.svg,clock-four-thirty,488,D7 SYNC/FREE (96); G6 DELAY (96),D7,SYNC/FREE
fi-rr-clock-future-past.svg,clock-future-past,931,D7 SYNC/FREE (96); G6 DELAY (96),D7,SYNC/FREE
fi-rr-clock-money.svg,clock-money,1240,D7 SYNC/FREE (96); G6 DELAY (96),D7,SYNC/FREE
fi-rr-clock-nine-thirty.svg,clock-nine-thirty,413,D7 SYNC/FREE (96); G6 DELAY (96),D7,SYNC/FREE
fi-rr-clock-nine.svg,clock-nine,413,D7 SYNC/FREE (96); G6 DELAY (96),D7,SYNC/FREE
fi-rr-clock-one-thirty.svg,clock-one-thirty,476,D7 SYNC/FREE (96); G6 DELAY (96),D7,SYNC/FREE
fi-rr-clock-one.svg,clock-one,540,D7 SYNC/FREE (96); G6 DELAY (96),D7,SYNC/FREE
fi-rr-clock-seven-thirty.svg,clock-seven-thirty,510,D7 SYNC/FREE (96); G6 DELAY (96),D7,SYNC/FREE
fi-rr-clock-seven.svg,clock-seven,508,D7 SYNC/FREE (96); G6 DELAY (96),D7,SYNC/FREE
fi-rr-clock-six-thirty.svg,clock-six-thirty,390,D7 SYNC/FREE (96); G6 DELAY (96),D7,SYNC/FREE
fi-rr-clock-six.svg,clock-six,390,D7 SYNC/FREE (96); G6 DELAY (96),D7,SYNC/FREE
fi-rr-clock-ten-thirty.svg,clock-ten-thirty,472,D7 SYNC/FREE (96); G6 DELAY (96),D7,SYNC/FREE
fi-rr-clock-ten.svg,clock-ten,515,D7 SYNC/FREE (96); G6 DELAY (96),D7,SYNC/FREE
fi-rr-clock-three-thirty.svg,clock-three-thirty,414,D7 SYNC/FREE (96); G6 DELAY (96),D7,SYNC/FREE
fi-rr-clock-three.svg,clock-three,419,D7 SYNC/FREE (96); G6 DELAY (96),D7,SYNC/FREE
fi-rr-clock-time-tracking.svg,clock-time-tracking,802,D7 SYNC/FREE (96); G6 DELAY (96),D7,SYNC/FREE
fi-rr-clock-twelve-thirty.svg,clock-twelve-thirty,390,D7 SYNC/FREE (96); G6 DELAY (96),D7,SYNC/FREE
fi-rr-clock-twelve.svg,clock-twelve,389,D7 SYNC/FREE (96); G6 DELAY (96),D7,SYNC/FREE
fi-rr-clock-two-thirty.svg,clock-two-thirty,473,D7 SYNC/FREE (96); G6 DELAY (96),D7,SYNC/FREE
fi-rr-clock-two.svg,clock-two,518,D7 SYNC/FREE (96); G6 DELAY (96),D7,SYNC/FREE
fi-rr-clock-up-arrow.svg,clock-up-arrow,1002,D16 PITCH + (96); D7 SYNC/FREE (96); G6 DELAY (96),D16,PITCH +
fi-rr-clock.svg,clock,372,D7 SYNC/FREE (121); G6 DELAY (121),D7,SYNC/FREE
fi-rr-clone.svg,clone,566,A7 COPY (121),A7,COPY
fi-rr-closed-captioning-slash.svg,closed-captioning-slash,1270,,,
fi-rr-closed.svg,closed,1895,,,
fi-rr-clothes-hanger.svg,clothes-hanger,779,,,
fi-rr-clothing-rack.svg,clothing-rack,1055,,,
fi-rr-cloud-back-up-alt.svg,cloud-back-up-alt,1278,D16 PITCH + (96),D16,PITCH +
fi-rr-cloud-back-up.svg,cloud-back-up,1426,D16 PITCH + (96),D16,PITCH +
fi-rr-cloud-check.svg,cloud-check,747,,,
fi-rr-cloud-code.svg,cloud-code,1350,,,
fi-rr-cloud-data.svg,cloud-data,1277,,,
fi-rr-cloud-disabled.svg,cloud-disabled,855,,,
fi-rr-cloud-download-alt.svg,cloud-download-alt,1088,,,
fi-rr-cloud-download-circle.svg,cloud-download-circle,1264,,,
fi-rr-cloud-download.svg,cloud-download,795,,,
fi-rr-cloud-drizzle.svg,cloud-drizzle,876,,,
fi-rr-cloud-exclamation.svg,cloud-exclamation,1069,,,
fi-rr-cloud-gear-automation.svg,cloud-gear-automation,1641,A16 SYSTEM (96),A16,SYSTEM
fi-rr-cloud-hail-mixed.svg,cloud-hail-mixed,1040,,,
fi-rr-cloud-hail.svg,cloud-hail,932,,,
fi-rr-cloud-lock.svg,cloud-lock,1263,D2 HOLD/GATE (96),D2,HOLD/GATE
fi-rr-cloud-meatball.svg,cloud-meatball,1568,,,
fi-rr-cloud-moon-rain.svg,cloud-moon-rain,1255,,,
fi-rr-cloud-moon.svg,cloud-moon,1141,,,
fi-rr-cloud-question.svg,cloud-question,1345,,,
fi-rr-cloud-rain.svg,cloud-rain,1333,,,
fi-rr-cloud-rainbow.svg,cloud-rainbow,1030,,,
fi-rr-cloud-share.svg,cloud-share,820,,,
fi-rr-cloud-showers-heavy.svg,cloud-showers-heavy,902,,,
fi-rr-cloud-showers-water.svg,cloud-showers-water,2199,,,
fi-rr-cloud-showers.svg,cloud-showers,812,,,
fi-rr-cloud-sleet.svg,cloud-sleet,1117,,,
fi-rr-cloud-snow.svg,cloud-snow,1046,,,
fi-rr-cloud-stairs.svg,cloud-stairs,978,,,
fi-rr-cloud-sun-rain.svg,cloud-sun-rain,1448,,,
fi-rr-cloud-sun-tear.svg,cloud-sun-tear,2026,,,
fi-rr-cloud-sun.svg,cloud-sun,1442,,,
fi-rr-cloud-upload-alt.svg,cloud-upload-alt,1102,,,
fi-rr-cloud-upload-circle.svg,cloud-upload-circle,1268,,,
fi-rr-cloud-upload.svg,cloud-upload,886,,,
fi-rr-cloud-windy.svg,cloud-windy,1915,,,
fi-rr-cloud.svg,cloud,396,,,
fi-rr-clouds-moon.svg,clouds-moon,1505,,,
fi-rr-clouds-sun.svg,clouds-sun,1633,,,
fi-rr-clouds.svg,clouds,1028,,,
fi-rr-clover-alt.svg,clover-alt,1958,,,
fi-rr-club.svg,club,1084,,,
fi-rr-cocktail-alt.svg,cocktail-alt,585,,,
fi-rr-cocktail.svg,cocktail,504,,,
fi-rr-coconut-water.svg,coconut-water,1345,,,
fi-rr-coconut.svg,coconut,1292,,,
fi-rr-code-branch.svg,code-branch,738,,,
fi-rr-code-commit.svg,code-commit,424,,,
fi-rr-code-compare.svg,code-compare,1094,,,
fi-rr-code-editing.svg,code-editing,1298,,,
fi-rr-code-fork.svg,code-fork,840,,,
fi-rr-code-merge.svg,code-merge,697,,,
fi-rr-code-pull-request-closed.svg,code-pull-request-closed,1057,,,
fi-rr-code-pull-request-draft.svg,code-pull-request-draft,720,,,
fi-rr-code-pull-request.svg,code-pull-request,944,,,
fi-rr-code-simple.svg,code-simple,726,,,
fi-rr-code-window.svg,code-window,944,E3 ENV HANN (96),E3,ENV HANN
fi-rr-coffee-bean.svg,coffee-bean,714,,,
fi-rr-coffee-beans.svg,coffee-beans,1159,,,
fi-rr-coffee-heart.svg,coffee-heart,1309,,,
fi-rr-coffee-maker.svg,coffee-maker,758,,,
fi-rr-coffee-pot.svg,coffee-pot,681,,,
fi-rr-coffee-time.svg,coffee-time,1126,,,
fi-rr-coffee.svg,coffee,732,,,
fi-rr-coffin-cross.svg,coffin-cross,878,,,
fi-rr-coffin.svg,coffin,723,,,
fi-rr-coil.svg,coil,538,,,
fi-rr-coin-up-arrow.svg,coin-up-arrow,1236,D16 PITCH + (96),D16,PITCH +
fi-rr-coin.svg,coin,850,,,
fi-rr-coins-crypto.svg,coins-crypto,1458,,,
fi-rr-coins-shield.svg,coins-shield,1575,,,
fi-rr-coins.svg,coins,1241,,,
fi-rr-colon-sign.svg,colon-sign,1023,,,
fi-rr-columns-3.svg,columns-3,401,,,
fi-rr-comb-hair.svg,comb-hair,1469,,,
fi-rr-comb.svg,comb,821,,,
fi-rr-comedy-podcast.svg,comedy-podcast,1379,,,
fi-rr-comet.svg,comet,1272,,,
fi-rr-command.svg,command,803,,,
fi-rr-comment-alt-check.svg,comment-alt-check,786,,,
fi-rr-comment-alt-dots.svg,comment-alt-dots,794,A10 GRANULAR (96),A10,GRANULAR
fi-rr-comment-alt-edit.svg,comment-alt-edit,933,,,
fi-rr-comment-alt-lock.svg,comment-alt-lock,851,D2 HOLD/GATE (96),D2,HOLD/GATE
fi-rr-comment-alt-medical.svg,comment-alt-medical,693,,,
fi-rr-comment-alt-middle-top.svg,comment-alt-middle-top,525,,,
fi-rr-comment-alt-middle.svg,comment-alt-middle,559,,,
fi-rr-comment-alt-minus.svg,comment-alt-minus,620,D11 LENGTH - (96); D13 DENSITY - (96); H5 TEMPO - (96),D11,LENGTH -
fi-rr-comment-alt-music.svg,comment-alt-music,897,A11 SYNTH (96); F1 NOTE 1 (96); F10 NOTE 10 (96); F11 NOTE 11 (96); F12 NOTE 12 (96); F13 NOTE 13 (96); F14 NOTE 14 (96); F15 NOTE 15 (96); F16 NOTE 16 (96); F2 NOTE 2 (96); F3 NOTE 3 (96); F4 NOTE 4 (96); F5 NOTE 5 (96); F6 NOTE 6 (96); F7 NOTE 7 (96); F8 NOTE 8 (96); F9 NOTE 9 (96),A11,SYNTH
fi-rr-comment-alt.svg,comment-alt,558,,,
fi-rr-comment-arrow-down.svg,comment-arrow-down,814,D15 PITCH - (97),D15,PITCH -
fi-rr-comment-arrow-up-right.svg,comment-arrow-up-right,778,D16 PITCH + (97); D10 POSITION + (96),D16,PITCH +
fi-rr-comment-arrow-up.svg,comment-arrow-up,876,D16 PITCH + (97),D16,PITCH +
fi-rr-comment-check.svg,comment-check,589,,,
fi-rr-comment-clock.svg,comment-clock,920,D7 SYNC/FREE (96); G6 DELAY (96),D7,SYNC/FREE
fi-rr-comment-code.svg,comment-code,1142,,,
fi-rr-comment-dollar.svg,comment-dollar,1137,,,
fi-rr-comment-dots.svg,comment-dots,793,A10 GRANULAR (96),A10,GRANULAR
fi-rr-comment-exclamation.svg,comment-exclamation,725,,,
fi-rr-comment-heart.svg,comment-heart,721,,,
fi-rr-comment-image.svg,comment-image,928,,,
fi-rr-comment-info.svg,comment-info,558,,,
fi-rr-comment-lock.svg,comment-lock,856,D2 HOLD/GATE (96),D2,HOLD/GATE
fi-rr-comment-medical.svg,comment-medical,740,,,
fi-rr-comment-minus.svg,comment-minus,620,D11 LENGTH - (96); D13 DENSITY - (96); H5 TEMPO - (96),D11,LENGTH -
fi-rr-comment-pen.svg,comment-pen,966,,,
fi-rr-comment-question.svg,comment-question,1043,,,
fi-rr-comment-quote.svg,comment-quote,882,,,
fi-rr-comment-slash.svg,comment-slash,994,,,
fi-rr-comment-smile.svg,comment-smile,967,,,
fi-rr-comment-sms.svg,comment-sms,2195,,,
fi-rr-comment-text.svg,comment-text,792,,,
fi-rr-comment-user.svg,comment-user,622,,,
fi-rr-comment-xmark.svg,comment-xmark,934,,,
fi-rr-comment.svg,comment,588,,,
fi-rr-comments-dollar.svg,comments-dollar,1458,,,
fi-rr-comments-question-check.svg,comments-question-check,1529,,,
fi-rr-comments-question.svg,comments-question,1300,,,
fi-rr-comments.svg,comments,663,,,
fi-rr-compass-alt.svg,compass-alt,1015,,,
fi-rr-compass-east.svg,compass-east,1109,,,
fi-rr-compass-north.svg,compass-north,1091,,,
fi-rr-compass-slash.svg,compass-slash,1324,,,
fi-rr-compass-south.svg,compass-south,1056,,,
fi-rr-compass-west.svg,compass-west,1064,,,
fi-rr-completed.svg,completed,1147,,,
fi-rr-compliance-clipboard.svg,compliance-clipboard,1161,A8 PASTE (96),A8,PASTE
fi-rr-compliance-document.svg,compliance-document,1107,,,
fi-rr-compliance.svg,compliance,1455,,,
fi-rr-compress-alt.svg,compress-alt,798,,,
fi-rr-compress.svg,compress,524,,,
fi-rr-computer-ad.svg,computer-ad,849,,,
fi-rr-computer-classic.svg,computer-classic,797,,,
fi-rr-computer-mouse.svg,computer-mouse,387,,,
fi-rr-computer-speaker.svg,computer-speaker,887,,,
fi-rr-computer.svg,computer,394,,,
fi-rr-concierge-bell.svg,concierge-bell,721,C13 COWBELL (96); E4 ENV GAUSSIAN (96),C13,COWBELL
fi-rr-concrete-mixer.svg,concrete-mixer,1335,A15 MIX (96),A15,MIX
fi-rr-condition-alt.svg,condition-alt,1449,,,
fi-rr-condition.svg,condition,1280,,,
fi-rr-confetti.svg,confetti,965,,,
fi-rr-confidential-discussion.svg,confidential-discussion,1456,,,
fi-rr-confidential-folder.svg,confidential-folder,1059,E15 BANK - (96); E16 BANK + (96),E15,BANK -
fi-rr-confirmed-user.svg,confirmed-user,1134,,,
fi-rr-console-controller.svg,console-controller,1089,,,
fi-rr-constellation.svg,constellation,1730,,,
fi-rr-construction-helmet.svg,construction-helmet,805,,,
fi-rr-construction-location.svg,construction-location,1453,,,
fi-rr-consultant.svg,consultant,2219,,,
fi-rr-contact-lens-eyes.svg,contact-lens-eyes,1169,,,
fi-rr-container-storage.svg,container-storage,514,,,
fi-rr-contract.svg,contract,1516,,,
fi-rr-contrast.svg,contrast,1015,,,
fi-rr-convert-document.svg,convert-document,1063,,,
fi-rr-convert-shapes.svg,convert-shapes,962,,,
fi-rr-conveyor-belt-alt.svg,conveyor-belt-alt,1062,,,
fi-rr-conveyor-belt-arm.svg,conveyor-belt-arm,1167,,,
fi-rr-conveyor-belt-empty.svg,conveyor-belt-empty,610,,,
fi-rr-conveyor-belt.svg,conveyor-belt,861,,,
fi-rr-cookie-alt.svg,cookie-alt,2336,,,
fi-rr-cookie-lock.svg,cookie-lock,1262,D2 HOLD/GATE (96),D2,HOLD/GATE
fi-rr-cookie.svg,cookie,592,,,
fi-rr-copy-alt.svg,copy-alt,506,A7 COPY (96),A7,COPY
fi-rr-copy-image.svg,copy-image,812,A7 COPY (96),A7,COPY
fi-rr-copy.svg,copy,410,A7 COPY (121),A7,COPY
fi-rr-copyright.svg,copyright,358,,,
fi-rr-coral-reef.svg,coral-reef,1674,,,
fi-rr-coriander.svg,coriander,2482,,,
fi-rr-corn.svg,corn,1035,,,
fi-rr-corporate-alt.svg,corporate-alt,1198,,,
fi-rr-corporate.svg,corporate,1282,,,
fi-rr-corruption.svg,corruption,1903,G14 GLITCH (121),G14,GLITCH
fi-rr-couch.svg,couch,766,,,
fi-rr-court-order.svg,court-order,1060,,,
fi-rr-court-sport.svg,court-sport,653,,,
fi-rr-cow-alt.svg,cow-alt,1170,,,
fi-rr-cow.svg,cow,1159,,,
fi-rr-cowbell-circle-plus.svg,cowbell-circle-plus,1114,C13 COWBELL (96); D12 LENGTH + (96); D14 DENSITY + (96); H6 TEMPO + (96),C13,COWBELL
fi-rr-cowbell-more.svg,cowbell-more,955,C13 COWBELL (96),C13,COWBELL
fi-rr-cowbell.svg,cowbell,781,C13 COWBELL (121),C13,COWBELL
fi-rr-coworking.svg,coworking,1155,,,
fi-rr-cpu.svg,cpu,1791,,,
fi-rr-crab.svg,crab,1879,,,
fi-rr-crane-building.svg,crane-building,1103,,,
fi-rr-crane.svg,crane,900,,,
fi-rr-crate-empty.svg,crate-empty,428,,,
fi-rr-cream.svg,cream,671,,,
fi-rr-credit-card-buyer.svg,credit-card-buyer,808,,,
fi-rr-credit-card-check.svg,credit-card-check,797,,,
fi-rr-credit-card-edit.svg,credit-card-edit,927,,,
fi-rr-credit-card-eye.svg,credit-card-eye,931,,,
fi-rr-credit-card-notification.svg,credit-card-notification,567,,,
fi-rr-credit-card-xmark.svg,credit-card-xmark,852,,,
fi-rr-credit-card.svg,credit-card,381,,,
fi-rr-crepe.svg,crepe,973,,,
fi-rr-cricket.svg,cricket,1211,,,
fi-rr-crm-alt.svg,crm-alt,1830,,,
fi-rr-crm-computer.svg,crm-computer,1626,,,
fi-rr-crochet.svg,crochet,892,,,
fi-rr-croissant.svg,croissant,1880,,,
fi-rr-cross-circle.svg,cross-circle,439,,,
fi-rr-cross-religion.svg,cross-religion,563,,,
fi-rr-cross-small.svg,cross-small,378,,,
fi-rr-cross.svg,cross,412,,,
fi-rr-crossed-hammers.svg,crossed-hammers,1398,,,
fi-rr-crossed-hands-reject.svg,crossed-hands-reject,1449,,,
fi-rr-crow.svg,crow,1204,,,
fi-rr-crowdfunding.svg,crowdfunding,2269,,,
fi-rr-crown.svg,crown,467,,,
fi-rr-crutch.svg,crutch,853,,,
fi-rr-crutches.svg,crutches,1449,,,
fi-rr-cruzeiro-sign.svg,cruzeiro-sign,668,,,
fi-rr-crypto-calendar.svg,crypto-calendar,911,,,
fi-rr-crypto-vault.svg,crypto-vault,1186,,,
fi-rr-crypto-wallet.svg,crypto-wallet,750,,,
fi-rr-cryptocurrency.svg,cryptocurrency,770,,,
fi-rr-crystal-ball.svg,crystal-ball,1559,,,
fi-rr-cube.svg,cube,838,,,
fi-rr-cubes-stacked.svg,cubes-stacked,1092,,,
fi-rr-cubes.svg,cubes,958,,,
fi-rr-cucumber.svg,cucumber,1281,,,
fi-rr-cumin.svg,cumin,795,,,
fi-rr-cup-straw-swoosh.svg,cup-straw-swoosh,869,,,
fi-rr-cup-straw.svg,cup-straw,586,,,
fi-rr-cup-togo.svg,cup-togo,723,,,
fi-rr-cupcake-alt.svg,cupcake-alt,1409,,,
fi-rr-cupcake.svg,cupcake,1026,,,
fi-rr-curling-iron.svg,curling-iron,770,,,
fi-rr-curling.svg,curling,579,,,
fi-rr-currency.svg,currency,1508,,,
fi-rr-cursor-finger-click.svg,cursor-finger-click,1277,,,
fi-rr-cursor-finger.svg,cursor-finger,614,,,
fi-rr-cursor-plus.svg,cursor-plus,611,D12 LENGTH + (96); D14 DENSITY + (96); H6 TEMPO + (96),D12,LENGTH +
fi-rr-cursor-text-alt.svg,cursor-text-alt,914,,,
fi-rr-cursor-text.svg,cursor-text,437,,,
fi-rr-cursor.svg,cursor,566,,,
fi-rr-curve-alt.svg,curve-alt,354,E3 ENV HANN (96); E4 ENV GAUSSIAN (96),E3,ENV HANN
fi-rr-curve-arrow.svg,curve-arrow,996,E3 ENV HANN (96); E4 ENV GAUSSIAN (96),E3,ENV HANN
fi-rr-curve.svg,curve,273,E3 ENV HANN (121); E4 ENV GAUSSIAN (121),E3,ENV HANN
fi-rr-custard.svg,custard,909,,,
fi-rr-customer-care.svg,customer-care,1319,,,
fi-rr-customer-service.svg,customer-service,1336,,,
fi-rr-customization-cogwheel.svg,customization-cogwheel,2612,,,
fi-rr-customization.svg,customization,1023,,,
fi-rr-customize-computer.svg,customize-computer,1002,,,
fi-rr-customize-edit.svg,customize-edit,926,,,
fi-rr-customize.svg,customize,2236,,,
fi-rr-cutter.svg,cutter,1012,,,
fi-rr-cvv-card.svg,cvv-card,1211,,,
fi-rr-cyborg.svg,cyborg,1110,,,
fi-rr-cycling.svg,cycling,996,,,
fi-rr-cystitis.svg,cystitis,1501,,,
fi-rr-d.svg,d,374,,,
fi-rr-dagger.svg,dagger,918,,,
fi-rr-daily-calendar.svg,daily-calendar,1968,,,
fi-rr-daisy-alt.svg,daisy-alt,2234,,,
fi-rr-daisy.svg,daisy,2018,,,
fi-rr-damage.svg,damage,896,,,
fi-rr-danger-sign.svg,danger-sign,1007,,,
fi-rr-dark-mode-alt.svg,dark-mode-alt,917,,,
fi-rr-dark-mode.svg,dark-mode,1585,,,
fi-rr-dart.svg,dart,901,,,
fi-rr-dashboard-monitor.svg,dashboard-monitor,910,,,
fi-rr-dashboard-panel.svg,dashboard-panel,834,,,
fi-rr-dashboard.svg,dashboard,892,,,
fi-rr-data-backup.svg,data-backup,1523,,,
fi-rr-data-cleaning.svg,data-cleaning,1370,,,
fi-rr-data-encryption.svg,data-encryption,1078,,,
fi-rr-data-insight.svg,data-insight,1214,,,
fi-rr-data-migration.svg,data-migration,1558,,,
fi-rr-data-mining.svg,data-mining,1070,,,
fi-rr-data-model.svg,data-model,1840,,,
fi-rr-data-processing.svg,data-processing,1645,,,
fi-rr-data-report.svg,data-report,931,,,
fi-rr-data-transfer.svg,data-transfer,681,,,
fi-rr-database-cleaning.svg,database-cleaning,1498,,,
fi-rr-database-cloud-circle.svg,database-cloud-circle,1225,,,
fi-rr-database-management.svg,database-management,1525,,,
fi-rr-database.svg,database,673,,,
fi-rr-deadline.svg,deadline,1284,,,
fi-rr-deafness.svg,deafness,1360,,,
fi-rr-debt.svg,debt,1376,,,
fi-rr-december-calendar.svg,december-calendar,1153,,,
fi-rr-decision-choice.svg,decision-choice,1724,,,
fi-rr-decision-tree.svg,decision-tree,1566,,,
fi-rr-declined-receipt.svg,declined-receipt,1571,,,
fi-rr-deep-learning.svg,deep-learning,1784,,,
fi-rr-deer-rudolph.svg,deer-rudolph,1475,,,
fi-rr-deer.svg,deer,1450,,,
fi-rr-degree-credential.svg,degree-credential,920,,,
fi-rr-delete-document.svg,delete-document,758,,,
fi-rr-delete-right.svg,delete-right,851,D10 POSITION + (96),D10,POSITION +
fi-rr-delete-user.svg,delete-user,470,,,
fi-rr-delete.svg,delete,639,,,
fi-rr-delivery-man.svg,delivery-man,1584,,,
fi-rr-delivery-truck.svg,delivery-truck,1341,,,
fi-rr-democrat.svg,democrat,1602,,,
fi-rr-demographic.svg,demographic,1138,,,
fi-rr-department-structure.svg,department-structure,1294,,,
fi-rr-department.svg,department,1828,,,
fi-rr-deposit-alt.svg,deposit-alt,1622,,,
fi-rr-deposit.svg,deposit,1275,,,
fi-rr-description-alt.svg,description-alt,936,,,
fi-rr-description.svg,description,1495,,,
fi-rr-desert-dune.svg,desert-dune,1400,,,
fi-rr-desert.svg,desert,1738,,,
fi-rr-desk.svg,desk,625,,,
fi-rr-desktop-arrow-down.svg,desktop-arrow-down,932,D15 PITCH - (97),D15,PITCH -
fi-rr-desktop-wallpaper.svg,desktop-wallpaper,713,,,
fi-rr-detergent.svg,detergent,597,,,
fi-rr-devices.svg,devices,567,,,
fi-rr-dewpoint.svg,dewpoint,580,,,
fi-rr-dharmachakra.svg,dharmachakra,1872,,,
fi-rr-diagram-cells.svg,diagram-cells,509,,,
fi-rr-diagram-lean-canvas.svg,diagram-lean-canvas,468,,,
fi-rr-diagram-nested.svg,diagram-nested,546,,,
fi-rr-diagram-next.svg,diagram-next,834,H8 PATTERN + (96),H8,PATTERN +
fi-rr-diagram-predecessor.svg,diagram-predecessor,759,,,
fi-rr-diagram-previous.svg,diagram-previous,878,H7 PATTERN - (96),H7,PATTERN -
fi-rr-diagram-project.svg,diagram-project,820,,,
fi-rr-diagram-sankey.svg,diagram-sankey,772,,,
fi-rr-diagram-subtask.svg,diagram-subtask,546,,,
fi-rr-diagram-successor.svg,diagram-successor,800,,,
fi-rr-diagram-venn.svg,diagram-venn,719,,,
fi-rr-dial-high.svg,dial-high,933,,,
fi-rr-dial-low.svg,dial-low,937,,,
fi-rr-dial-max.svg,dial-max,976,,,
fi-rr-dial-med-low.svg,dial-med-low,1010,,,
fi-rr-dial-med.svg,dial-med,931,,,
fi-rr-dial-min.svg,dial-min,981,,,
fi-rr-dial-off.svg,dial-off,928,,,
fi-rr-dial.svg,dial,1007,,,
fi-rr-dialogue-exchange.svg,dialogue-exchange,1545,,,
fi-rr-diamond-box.svg,diamond-box,671,,,
fi-rr-diamond-exclamation.svg,diamond-exclamation,832,,,
fi-rr-diamond-open-box.svg,diamond-open-box,1481,,,
fi-rr-diamond-turn-right.svg,diamond-turn-right,889,D10 POSITION + (96),D10,POSITION +
fi-rr-diamond.svg,diamond,737,,,
fi-rr-diary-bookmark-down.svg,diary-bookmark-down,644,D15 PITCH - (96),D15,PITCH -
fi-rr-diary-bookmarks.svg,diary-bookmarks,628,,,
fi-rr-diary-clasp.svg,diary-clasp,507,,,
fi-rr-dice-alt.svg,dice-alt,879,D8 RANDOMIZE (96),D8,RANDOMIZE
fi-rr-dice-d10.svg,dice-d10,788,D8 RANDOMIZE (96),D8,RANDOMIZE
fi-rr-dice-d12.svg,dice-d12,1218,D8 RANDOMIZE (96),D8,RANDOMIZE
fi-rr-dice-d20.svg,dice-d20,858,D8 RANDOMIZE (96),D8,RANDOMIZE
fi-rr-dice-d4.svg,dice-d4,601,D8 RANDOMIZE (96),D8,RANDOMIZE
fi-rr-dice-d6.svg,dice-d6,724,D8 RANDOMIZE (96),D8,RANDOMIZE
fi-rr-dice-d8.svg,dice-d8,734,D8 RANDOMIZE (96),D8,RANDOMIZE
fi-rr-dice-four.svg,dice-four,491,D8 RANDOMIZE (96),D8,RANDOMIZE
fi-rr-dice-one.svg,dice-one,388,D8 RANDOMIZE (96),D8,RANDOMIZE
fi-rr-dice-six.svg,dice-six,562,D8 RANDOMIZE (96),D8,RANDOMIZE
fi-rr-dice-three.svg,dice-three,458,D8 RANDOMIZE (96),D8,RANDOMIZE
fi-rr-dice-two.svg,dice-two,422,D8 RANDOMIZE (96),D8,RANDOMIZE
fi-rr-dice.svg,dice,500,D8 RANDOMIZE (121),D8,RANDOMIZE
fi-rr-dictionary-alt.svg,dictionary-alt,1689,,,
fi-rr-dictionary-open.svg,dictionary-open,1435,,,
fi-rr-dictionary.svg,dictionary,1058,,,
fi-rr-digging.svg,digging,1385,,,
fi-rr-digital-banking.svg,digital-banking,1353,G9 BITCRUSH (96),G9,BITCRUSH
fi-rr-digital-certificate.svg,digital-certificate,1018,G9 BITCRUSH (96),G9,BITCRUSH
fi-rr-digital-identity.svg,digital-identity,1327,G9 BITCRUSH (96),G9,BITCRUSH
fi-rr-digital-key.svg,digital-key,1474,G9 BITCRUSH (96),G9,BITCRUSH
fi-rr-digital-money.svg,digital-money,1396,G9 BITCRUSH (96),G9,BITCRUSH
fi-rr-digital-payment.svg,digital-payment,824,G9 BITCRUSH (96),G9,BITCRUSH
fi-rr-digital-signature.svg,digital-signature,922,G9 BITCRUSH (96),G9,BITCRUSH
fi-rr-digital-tachograph.svg,digital-tachograph,810,G9 BITCRUSH (96),G9,BITCRUSH
fi-rr-digital-wallet.svg,digital-wallet,880,G9 BITCRUSH (96),G9,BITCRUSH
fi-rr-dinner.svg,dinner,899,,,
fi-rr-diploma-alt.svg,diploma-alt,1398,,,
fi-rr-diploma.svg,diploma,630,,,
fi-rr-direction-signal-arrow.svg,direction-signal-arrow,1012,A12 ANALOG (96),A12,ANALOG
fi-rr-direction-signal.svg,direction-signal,1001,A12 ANALOG (96),A12,ANALOG
fi-rr-disc-drive.svg,disc-drive,550,G8 DRIVE (96),G8,DRIVE
fi-rr-disco-ball.svg,disco-ball,962,,,
fi-rr-discount.svg,discount,1059,,,
fi-rr-discover.svg,discover,818,,,
fi-rr-discussion-group.svg,discussion-group,1508,,,
fi-rr-discussion-idea.svg,discussion-idea,1927,,,
fi-rr-disease.svg,disease,2026,,,
fi-rr-dishwasher.svg,dishwasher,865,,,
fi-rr-disinfection.svg,disinfection,1093,,,
fi-rr-disk.svg,disk,625,,,
fi-rr-display-arrow-down.svg,display-arrow-down,900,D15 PITCH - (97),D15,PITCH -
fi-rr-display-chart-up.svg,display-chart-up,800,D16 PITCH + (96); E2 ENV TRAPEZOID (96); E3 ENV HANN (96); E4 ENV GAUSSIAN (96),D16,PITCH +
fi-rr-display-code.svg,display-code,949,,,
fi-rr-display-medical.svg,display-medical,572,,,
fi-rr-display-slash.svg,display-slash,753,,,
fi-rr-distribute-spacing-horizontal.svg,distribute-spacing-horizontal,476,,,
fi-rr-distribute-spacing-vertical.svg,distribute-spacing-vertical,475,,,
fi-rr-divide.svg,divide,408,,,
fi-rr-diving-googles.svg,diving-googles,1055,,,
fi-rr-dizzy.svg,dizzy,736,,,
fi-rr-dj-disc.svg,dj-disc,1078,,,
fi-rr-dna.svg,dna,988,,,
fi-rr-do-not-disturb-doorknob.svg,do-not-disturb-doorknob,1143,,,
fi-rr-do-not-disturb.svg,do-not-disturb,815,,,
fi-rr-do-not-enter.svg,do-not-enter,417,,,
fi-rr-doctor-bag.svg,doctor-bag,689,,,
fi-rr-doctor.svg,doctor,498,,,
fi-rr-document-autosave.svg,document-autosave,1208,,,
fi-rr-document-circle-arrow-up.svg,document-circle-arrow-up,863,D16 PITCH + (97),D16,PITCH +
fi-rr-document-circle-wrong.svg,document-circle-wrong,1110,,,
fi-rr-document-fail.svg,document-fail,481,,,
fi-rr-document-folder-gear.svg,document-folder-gear,1598,A16 SYSTEM (96); E15 BANK - (96); E16 BANK + (96),A16,SYSTEM
fi-rr-document-gavel.svg,document-gavel,1128,,,
fi-rr-document-gear.svg,document-gear,1529,A16 SYSTEM (96),A16,SYSTEM
fi-rr-document-link.svg,document-link,1502,,,
fi-rr-document-nft.svg,document-nft,1191,,,
fi-rr-document-paid.svg,document-paid,1331,,,
fi-rr-document-scanner.svg,document-scanner,1033,,,
fi-rr-document-signed.svg,document-signed,859,,,
fi-rr-document-writer.svg,document-writer,1183,,,
fi-rr-document.svg,document,649,,,
fi-rr-dog-bowl-empty.svg,dog-bowl-empty,1056,,,
fi-rr-dog-leashed.svg,dog-leashed,1432,,,
fi-rr-dog.svg,dog,1245,,,
fi-rr-dollar.svg,dollar,590,,,
fi-rr-dolly-flatbed-alt.svg,dolly-flatbed-alt,876,,,
fi-rr-dolly-flatbed-empty.svg,dolly-flatbed-empty,535,,,
fi-rr-dolly-flatbed.svg,dolly-flatbed,789,,,
fi-rr-dolphin.svg,dolphin,992,,,
fi-rr-domino-effect.svg,domino-effect,857,A13 FX (96),A13,FX
fi-rr-donate-box.svg,donate-box,1192,,,
fi-rr-donate.svg,donate,1239,,,
fi-rr-dong-sign.svg,dong-sign,526,,,
fi-rr-donut.svg,donut,1112,,,
fi-rr-door-closed.svg,door-closed,438,,,
fi-rr-door-hanger.svg,door-hanger,739,,,
fi-rr-door-open.svg,door-open,644,,,
fi-rr-door-window.svg,door-window,484,E3 ENV HANN (96),E3,ENV HANN
fi-rr-dorayaki.svg,dorayaki,865,,,
fi-rr-dorm-room.svg,dorm-room,977,E10 SPACE - (96); E11 SPACE + (96),E10,SPACE -
fi-rr-dot-circle.svg,dot-circle,383,,,
fi-rr-dot-pending.svg,dot-pending,542,,,
fi-rr-dots-loading.svg,dots-loading,1155,A10 GRANULAR (96),A10,GRANULAR
fi-rr-dove.svg,dove,1503,,,
fi-rr-down-from-bracket.svg,down-from-bracket,1066,D15 PITCH - (96),D15,PITCH -
fi-rr-down-left-and-up-right-to-center.svg,down-left-and-up-right-to-center,655,D10 POSITION + (96); D15 PITCH - (96); D16 PITCH + (96); D9 POSITION - (96),D10,POSITION +
fi-rr-down-left.svg,down-left,744,D15 PITCH - (96); D9 POSITION - (96),D15,PITCH -
fi-rr-down-right.svg,down-right,736,D10 POSITION + (96); D15 PITCH - (96),D10,POSITION +
fi-rr-down-to-line.svg,down-to-line,847,D15 PITCH - (96),D15,PITCH -
fi-rr-down.svg,down,724,D15 PITCH - (121),D15,PITCH -
fi-rr-download.svg,download,468,,,
fi-rr-drafting-compass-paper.svg,drafting-compass-paper,1001,,,
fi-rr-drafting-compass.svg,drafting-compass,1080,,,
fi-rr-dragon-fire.svg,dragon-fire,1823,G8 DRIVE (96),G8,DRIVE
fi-rr-dragon.svg,dragon,1778,,,
fi-rr-draw-polygon.svg,draw-polygon,1309,E2 ENV TRAPEZOID (96),E2,ENV TRAPEZOID
fi-rr-draw-square.svg,draw-square,1020,E1 ENV SQUARE (96),E1,ENV SQUARE
fi-rr-drawer-alt.svg,drawer-alt,1459,,,
fi-rr-drawer-empty.svg,drawer-empty,817,,,
fi-rr-drawer.svg,drawer,502,,,
fi-rr-dreidel.svg,dreidel,867,,,
fi-rr-dress.svg,dress,943,,,
fi-rr-driller.svg,driller,942,,,
fi-rr-drink-alt.svg,drink-alt,792,,,
fi-rr-driver-man.svg,driver-man,792,,,
fi-rr-driver-woman.svg,driver-woman,1464,,,
fi-rr-drone-alt.svg,drone-alt,1198,,,
fi-rr-drone-front.svg,drone-front,890,,,
fi-rr-drone.svg,drone,2253,,,
fi-rr-drop-down.svg,drop-down,709,D15 PITCH - (96),D15,PITCH -
fi-rr-dropdown-bar.svg,dropdown-bar,804,,,
fi-rr-dropdown-select.svg,dropdown-select,492,,,
fi-rr-dropdown.svg,dropdown,484,,,
fi-rr-drought.svg,drought,1065,,,
fi-rr-drugs-addiction.svg,drugs-addiction,1423,,,
fi-rr-drum-steelpan.svg,drum-steelpan,1069,A9 DRUM (96); C1 BD (96); C10 OPEN HH (96); C11 CRASH (96); C12 RIDE (96); C13 COWBELL (96); C14 PERC 1 (96); C15 PERC 2 (96); C16 USER DRUM (96); C2 BD2 (96); C3 SNARE (96); C4 CLAP (96); C5 RIM (96); C6 LT (96); C7 MT (96); C8 HT (96); C9 CLOSED HH (96),A9,DRUM
fi-rr-drum.svg,drum,1037,A9 DRUM (121); C1 BD (121); C10 OPEN HH (121); C11 CRASH (121); C12 RIDE (121); C13 COWBELL (121); C14 PERC 1 (121); C15 PERC 2 (121); C16 USER DRUM (121); C2 BD2 (121); C3 SNARE (121); C4 CLAP (121); C5 RIM (121); C6 LT (121); C7 MT (121); C8 HT (121); C9 CLOSED HH (121),A9,DRUM
fi-rr-drumstick-bite.svg,drumstick-bite,1035,,,
fi-rr-drumstick.svg,drumstick,575,,,
fi-rr-dryer-alt.svg,dryer-alt,1284,,,
fi-rr-dryer.svg,dryer,712,,,
fi-rr-drywall.svg,drywall,746,,,
fi-rr-dual-screen.svg,dual-screen,664,,,
fi-rr-duck.svg,duck,1410,,,
fi-rr-dumbbell-alt.svg,dumbbell-alt,1748,,,
fi-rr-dumbbell-fitness.svg,dumbbell-fitness,1353,,,
fi-rr-dumbbell-heart.svg,dumbbell-heart,966,,,
fi-rr-dumbbell-horizontal.svg,dumbbell-horizontal,523,,,
fi-rr-dumbbell-ray.svg,dumbbell-ray,1089,,,
fi-rr-dumbbell-weightlifting.svg,dumbbell-weightlifting,591,,,
fi-rr-dumpling.svg,dumpling,1484,,,
fi-rr-dumpster-fire.svg,dumpster-fire,1351,G8 DRIVE (96),G8,DRIVE
fi-rr-dumpster.svg,dumpster,850,,,
fi-rr-dungeon.svg,dungeon,1400,,,
fi-rr-duplicate.svg,duplicate,527,A7 COPY (121),A7,COPY
fi-rr-duration-alt.svg,duration-alt,1464,,,
fi-rr-duration.svg,duration,1984,,,
fi-rr-e-learning.svg,e-learning,852,,,
fi-rr-e-sim.svg,e-sim,1050,,,
fi-rr-e.svg,e,368,,,
fi-rr-eagle-flying.svg,eagle-flying,1282,,,
fi-rr-eagle.svg,eagle,1837,,,
fi-rr-ear-deaf.svg,ear-deaf,1010,,,
fi-rr-ear-muffs.svg,ear-muffs,1623,,,
fi-rr-ear-sound.svg,ear-sound,1651,G2 FLANGER (96); G3 PHASER (96); G4 TREMOLO (96); G5 VIBRATO (96); G7 REVERB (96),G2,FLANGER
fi-rr-ear.svg,ear,1216,,,
fi-rr-earbuds.svg,earbuds,1706,,,
fi-rr-earnings.svg,earnings,480,,,
fi-rr-earth-africa.svg,earth-africa,882,,,
fi-rr-earth-americas.svg,earth-americas,1029,,,
fi-rr-earth-asia.svg,earth-asia,1435,,,
fi-rr-earth-europa.svg,earth-europa,1617,,,
fi-rr-ebook.svg,ebook,850,,,
fi-rr-eclipse-alt.svg,eclipse-alt,1179,,,
fi-rr-eclipse.svg,eclipse,827,,,
fi-rr-eco-battery.svg,eco-battery,777,,,
fi-rr-eco-electric.svg,eco-electric,1065,,,
fi-rr-edamame.svg,edamame,1668,,,
fi-rr-edit-alt.svg,edit-alt,922,,,
fi-rr-edit-message.svg,edit-message,944,,,
fi-rr-edit.svg,edit,824,,,
fi-rr-education-podcast.svg,education-podcast,1175,,,
fi-rr-effect.svg,effect,771,A13 FX (121),A13,FX
fi-rr-egg-fried.svg,egg-fried,819,,,
fi-rr-egg.svg,egg,417,,,
fi-rr-eiffel-tower.svg,eiffel-tower,1189,,,
fi-rr-eject.svg,eject,754,,,
fi-rr-electric-bike.svg,electric-bike,1118,,,
fi-rr-electric-bus.svg,electric-bus,1293,,,
fi-rr-electric-car.svg,electric-car,936,,,
fi-rr-electric-scooter.svg,electric-scooter,1134,,,
fi-rr-elephant.svg,elephant,1356,,,
fi-rr-elevator.svg,elevator,1035,,,
fi-rr-email-feedback.svg,email-feedback,1068,,,
fi-rr-email-heart.svg,email-heart,717,,,
fi-rr-email-pending.svg,email-pending,850,,,
fi-rr-email-refresh.svg,email-refresh,947,D6 RESAMPLE (96),D6,RESAMPLE
fi-rr-email-star.svg,email-star,890,,,
fi-rr-emergency-call.svg,emergency-call,1411,,,
fi-rr-emergency-stop.svg,emergency-stop,1376,G12 TAPE STOP (96); H1 PLAY/STOP (96),G12,TAPE STOP
fi-rr-employee-alt.svg,employee-alt,1342,,,
fi-rr-employee-handbook.svg,employee-handbook,1135,,,
fi-rr-employee-man-alt.svg,employee-man-alt,563,,,
fi-rr-employee-man.svg,employee-man,729,,,
fi-rr-employee-performance.svg,employee-performance,1372,,,
fi-rr-employees-woman-man.svg,employees-woman-man,1692,,,
fi-rr-employees.svg,employees,1570,,,
fi-rr-empty-set.svg,empty-set,737,,,
fi-rr-endless-loop.svg,endless-loop,758,,,
fi-rr-energy-drink.svg,energy-drink,938,,,
fi-rr-engine-algorithm.svg,engine-algorithm,1772,,,
fi-rr-engine-warning.svg,engine-warning,659,,,
fi-rr-engine.svg,engine,902,,,
fi-rr-english.svg,english,1175,,,
fi-rr-enter.svg,enter,493,,,
fi-rr-entrance.svg,entrance,924,,,
fi-rr-envelope-ban.svg,envelope-ban,650,,,
fi-rr-envelope-bulk.svg,envelope-bulk,949,,,
fi-rr-envelope-dot.svg,envelope-dot,634,,,
fi-rr-envelope-download.svg,envelope-download,664,,,
fi-rr-envelope-heart.svg,envelope-heart,997,,,
fi-rr-envelope-marker.svg,envelope-marker,644,,,
fi-rr-envelope-open-dollar.svg,envelope-open-dollar,1259,,,
fi-rr-envelope-open-text.svg,envelope-open-text,850,,,
fi-rr-envelope-open.svg,envelope-open,603,,,
fi-rr-envelope-plus.svg,envelope-plus,552,D12 LENGTH + (96); D14 DENSITY + (96); H6 TEMPO + (96),D12,LENGTH +
fi-rr-envelope.svg,envelope,445,,,
fi-rr-envelopes.svg,envelopes,596,,,
fi-rr-equality.svg,equality,1115,,,
fi-rr-equals.svg,equals,302,,,
fi-rr-equestrian-statue.svg,equestrian-statue,1606,,,
fi-rr-eraser.svg,eraser,710,,,
fi-rr-error-bug.svg,error-bug,1292,G14 GLITCH (96),G14,GLITCH
fi-rr-error-camera.svg,error-camera,927,D5 CAPTURE (96); G14 GLITCH (96),D5,CAPTURE
fi-rr-error-receipt.svg,error-receipt,1432,G14 GLITCH (96),G14,GLITCH
fi-rr-escalator.svg,escalator,921,,,
fi-rr-ethernet.svg,ethernet,728,,,
fi-rr-euro.svg,euro,485,,,
fi-rr-europe-flag.svg,europe-flag,1480,,,
fi-rr-europe-map.svg,europe-map,2304,,,
fi-rr-european-union.svg,european-union,2044,,,
fi-rr-evidence.svg,evidence,799,,,
fi-rr-exam-b.svg,exam-b,567,,,
fi-rr-exam-d.svg,exam-d,422,,,
fi-rr-exam-f.svg,exam-f,286,,,
fi-rr-exam-xmark.svg,exam-xmark,432,,,
fi-rr-excavator.svg,excavator,1310,,,
fi-rr-exchange-alt.svg,exchange-alt,437,,,
fi-rr-exchange-cryptocurrency.svg,exchange-cryptocurrency,1616,,,
fi-rr-exchange.svg,exchange,595,,,
fi-rr-exclamation.svg,exclamation,369,,,
fi-rr-exit-alt.svg,exit-alt,1141,,,
fi-rr-exit.svg,exit,548,,,
fi-rr-expand-arrows-alt.svg,expand-arrows-alt,602,,,
fi-rr-expand-arrows.svg,expand-arrows,1157,,,
fi-rr-expand.svg,expand,539,,,
fi-rr-expense-bill.svg,expense-bill,1050,,,
fi-rr-expense.svg,expense,1625,,,
fi-rr-explosion.svg,explosion,1522,,,
fi-rr-external-hard-drive.svg,external-hard-drive,826,G8 DRIVE (96),G8,DRIVE
fi-rr-external-world.svg,external-world,1258,,,
fi-rr-eye-alert.svg,eye-alert,763,,,
fi-rr-eye-arrow-progress.svg,eye-arrow-progress,894,,,
fi-rr-eye-crossed.svg,eye-crossed,1038,,,
fi-rr-eye-drop.svg,eye-drop,1399,,,
fi-rr-eye-dropper-half.svg,eye-dropper-half,1249,,,
fi-rr-eye-dropper.svg,eye-dropper,844,,,
fi-rr-eye-lashes.svg,eye-lashes,1133,,,
fi-rr-eye-recognition.svg,eye-recognition,1156,,,
fi-rr-eye-scanner.svg,eye-scanner,1195,,,
fi-rr-eye.svg,eye,618,,,
fi-rr-eyelashes.svg,eyelashes,1137,,,
fi-rr-eyeliner.svg,eyeliner,1285,,,
fi-rr-eyes.svg,eyes,818,,,
fi-rr-eyeshadow.svg,eyeshadow,1414,,,
fi-rr-f.svg,f,321,,,
fi-rr-fabric.svg,fabric,1890,,,
fi-rr-face-angry-horns.svg,face-angry-horns,1308,,,
fi-rr-face-anguished.svg,face-anguished,1107,,,
fi-rr-face-anxious-sweat.svg,face-anxious-sweat,1446,,,
fi-rr-face-astonished.svg,face-astonished,1031,,,
fi-rr-face-awesome.svg,face-awesome,954,,,
fi-rr-face-beam-hand-over-mouth.svg,face-beam-hand-over-mouth,1315,,,
fi-rr-face-confounded.svg,face-confounded,1327,,,
fi-rr-face-confused.svg,face-confused,683,,,
fi-rr-face-cowboy-hat.svg,face-cowboy-hat,1593,,,
fi-rr-face-disappointed.svg,face-disappointed,951,,,
fi-rr-face-disguise.svg,face-disguise,1769,,,
fi-rr-face-downcast-sweat.svg,face-downcast-sweat,1117,,,
fi-rr-face-drooling.svg,face-drooling,1323,,,
fi-rr-face-explode.svg,face-explode,2192,,,
fi-rr-face-expressionless.svg,face-expressionless,545,,,
fi-rr-face-eyes-xmarks.svg,face-eyes-xmarks,1208,,,
fi-rr-face-fearful.svg,face-fearful,1338,,,
fi-rr-face-glasses.svg,face-glasses,1164,,,
fi-rr-face-grin-tongue-wink.svg,face-grin-tongue-wink,946,,,
fi-rr-face-hand-yawn.svg,face-hand-yawn,1705,,,
fi-rr-face-head-bandage.svg,face-head-bandage,1127,,,
fi-rr-face-hushed.svg,face-hushed,1005,,,
fi-rr-face-icicles.svg,face-icicles,1008,,,
fi-rr-face-lying.svg,face-lying,1065,,,
fi-rr-face-mask.svg,face-mask,1411,,,
fi-rr-face-monocle.svg,face-monocle,1022,,,
fi-rr-face-nauseated.svg,face-nauseated,1498,,,
fi-rr-face-nose-steam.svg,face-nose-steam,1942,,,
fi-rr-face-party.svg,face-party,1835,,,
fi-rr-face-pensive.svg,face-pensive,1408,,,
fi-rr-face-persevering.svg,face-persevering,1548,,,
fi-rr-face-pleading.svg,face-pleading,1564,,,
fi-rr-face-raised-eyebrow.svg,face-raised-eyebrow,926,,,
fi-rr-face-relieved.svg,face-relieved,1619,,,
fi-rr-face-sad-sweat.svg,face-sad-sweat,1576,,,
fi-rr-face-scream.svg,face-scream,1315,,,
fi-rr-face-shush.svg,face-shush,1523,,,
fi-rr-face-sleeping.svg,face-sleeping,1543,,,
fi-rr-face-sleepy.svg,face-sleepy,1519,,,
fi-rr-face-smile-halo.svg,face-smile-halo,1176,,,
fi-rr-face-smile-hearts.svg,face-smile-hearts,1729,,,
fi-rr-face-smile-horns.svg,face-smile-horns,1312,,,
fi-rr-face-smile-tear.svg,face-smile-tear,850,,,
fi-rr-face-smile-tongue.svg,face-smile-tongue,1321,,,
fi-rr-face-smile-upside-down.svg,face-smile-upside-down,770,D15 PITCH - (96),D15,PITCH -
fi-rr-face-smiling-hands.svg,face-smiling-hands,1954,,,
fi-rr-face-smirking.svg,face-smirking,738,,,
fi-rr-face-sunglasses-alt.svg,face-sunglasses-alt,1201,,,
fi-rr-face-sunglasses.svg,face-sunglasses,933,,,
fi-rr-face-swear.svg,face-swear,1894,,,
fi-rr-face-thermometer.svg,face-thermometer,1256,,,
fi-rr-face-thinking.svg,face-thinking,1439,,,
fi-rr-face-tissue.svg,face-tissue,1743,,,
fi-rr-face-tongue-money.svg,face-tongue-money,1898,,,
fi-rr-face-tongue-sweat.svg,face-tongue-sweat,1611,,,
fi-rr-face-unamused.svg,face-unamused,841,,,
fi-rr-face-viewfinder.svg,face-viewfinder,1173,,,
fi-rr-face-vomit.svg,face-vomit,1723,,,
fi-rr-face-weary.svg,face-weary,989,,,
fi-rr-face-woozy.svg,face-woozy,1305,,,
fi-rr-face-worried.svg,face-worried,1125,,,
fi-rr-face-zany.svg,face-zany,1081,,,
fi-rr-face-zipper.svg,face-zipper,1205,,,
fi-rr-facial-mask.svg,facial-mask,1403,,,
fi-rr-facial-massage.svg,facial-massage,2145,,,
fi-rr-facial-treatment.svg,facial-treatment,1395,,,
fi-rr-fail.svg,fail,1230,,,
fi-rr-fajita.svg,fajita,1344,,,
fi-rr-falafel.svg,falafel,2908,,,
fi-rr-family-dress.svg,family-dress,1470,,,
fi-rr-family-law.svg,family-law,1125,,,
fi-rr-family-pants.svg,family-pants,1261,,,
fi-rr-family.svg,family,1375,,,
fi-rr-fan-table.svg,fan-table,1122,,,
fi-rr-fan.svg,fan,2102,,,
fi-rr-farfalle.svg,farfalle,1734,,,
fi-rr-farm.svg,farm,1074,,,
fi-rr-faucet-drip.svg,faucet-drip,439,,,
fi-rr-faucet.svg,faucet,641,,,
fi-rr-fax.svg,fax,896,,,
fi-rr-fbx-file.svg,fbx-file,1451,,,
fi-rr-feather-pointed.svg,feather-pointed,980,,,
fi-rr-feather.svg,feather,893,,,
fi-rr-features-alt.svg,features-alt,1155,,,
fi-rr-features.svg,features,1172,,,
fi-rr-february-calendar.svg,february-calendar,1092,,,
fi-rr-fee-receipt.svg,fee-receipt,1342,,,
fi-rr-fee.svg,fee,1062,,,
fi-rr-feedback-alt.svg,feedback-alt,1928,,,
fi-rr-feedback-cycle-loop.svg,feedback-cycle-loop,1129,,,
fi-rr-feedback-hand.svg,feedback-hand,2139,,,
fi-rr-feedback-review.svg,feedback-review,1832,,,
fi-rr-feedback.svg,feedback,1641,,,
fi-rr-fence.svg,fence,1206,,,
fi-rr-ferris-wheel.svg,ferris-wheel,1087,,,
fi-rr-fighter-jet.svg,fighter-jet,801,,,
fi-rr-file-ai.svg,file-ai,829,,,
fi-rr-file-audio.svg,file-audio,816,G2 FLANGER (96); G3 PHASER (96); G4 TREMOLO (96); G5 VIBRATO (96); G7 REVERB (96),G2,FLANGER
fi-rr-file-backup.svg,file-backup,1037,,,
fi-rr-file-binary.svg,file-binary,915,,,
fi-rr-file-chart-line.svg,file-chart-line,857,E2 ENV TRAPEZOID (96); E3 ENV HANN (96); E4 ENV GAUSSIAN (96),E2,ENV TRAPEZOID
fi-rr-file-chart-pie.svg,file-chart-pie,831,E2 ENV TRAPEZOID (96); E3 ENV HANN (96); E4 ENV GAUSSIAN (96),E2,ENV TRAPEZOID
fi-rr-file-circle-info.svg,file-circle-info,763,,,
fi-rr-file-cloud.svg,file-cloud,1123,,,
fi-rr-file-code.svg,file-code,1146,,,
fi-rr-file-conversion.svg,file-conversion,1214,,,
fi-rr-file-css.svg,file-css,2224,,,
fi-rr-file-csv.svg,file-csv,1794,,,
fi-rr-file-download.svg,file-download,897,,,
fi-rr-file-edit.svg,file-edit,1004,,,
fi-rr-file-eps.svg,file-eps,2910,,,
fi-rr-file-excel.svg,file-excel,913,,,
fi-rr-file-exclamation.svg,file-exclamation,793,,,
fi-rr-file-export.svg,file-export,856,,,
fi-rr-file-image.svg,file-image,950,,,
fi-rr-file-import.svg,file-import,937,,,
fi-rr-file-invoice-dollar.svg,file-invoice-dollar,1534,,,
fi-rr-file-invoice.svg,file-invoice,1011,,,
fi-rr-file-lock.svg,file-lock,854,D2 HOLD/GATE (96),D2,HOLD/GATE
fi-rr-file-loop.svg,file-loop,1075,,,
fi-rr-file-medical-alt.svg,file-medical-alt,1038,,,
fi-rr-file-medical.svg,file-medical,785,,,
fi-rr-file-minus.svg,file-minus,712,D11 LENGTH - (96); D13 DENSITY - (96); H5 TEMPO - (96),D11,LENGTH -
fi-rr-file-pdf.svg,file-pdf,1181,,,
fi-rr-file-powerpoint.svg,file-powerpoint,708,,,
fi-rr-file-prescription.svg,file-prescription,1157,,,
fi-rr-file-psd.svg,file-psd,2978,,,
fi-rr-file-question.svg,file-question,1175,,,
fi-rr-file-recycle.svg,file-recycle,992,,,
fi-rr-file-signature.svg,file-signature,1187,,,
fi-rr-file-spreadsheet.svg,file-spreadsheet,801,,,
fi-rr-file-upload.svg,file-upload,885,,,
fi-rr-file-user.svg,file-user,889,,,
fi-rr-file-video.svg,file-video,852,,,
fi-rr-file-word.svg,file-word,930,,,
fi-rr-file-xls.svg,file-xls,1678,,,
fi-rr-file-zip-alt.svg,file-zip-alt,1333,,,
fi-rr-file-zip-save.svg,file-zip-save,1372,,,
fi-rr-file-zipper.svg,file-zipper,989,,,
fi-rr-file.svg,file,538,,,
fi-rr-files-medical.svg,files-medical,778,,,
fi-rr-fill.svg,fill,614,,,
fi-rr-film-canister.svg,film-canister,499,,,
fi-rr-film-notification.svg,film-notification,678,,,
fi-rr-film-slash.svg,film-slash,840,,,
fi-rr-film.svg,film,503,,,
fi-rr-films.svg,films,782,,,
fi-rr-filter-check.svg,filter-check,834,,,
fi-rr-filter-list.svg,filter-list,860,,,
fi-rr-filter-slash.svg,filter-slash,954,,,
fi-rr-filter.svg,filter,431,,,
fi-rr-filters.svg,filters,1113,,,
fi-rr-finance-education.svg,finance-education,1578,,,
fi-rr-financial-analysis.svg,financial-analysis,1711,,,
fi-rr-financial-health.svg,financial-health,1200,,,
fi-rr-financial-protection.svg,financial-protection,1227,,,
fi-rr-finger-droplet.svg,finger-droplet,1363,,,
fi-rr-finger-nail.svg,finger-nail,1085,,,
fi-rr-fingerprint-identification.svg,fingerprint-identification,1924,,,
fi-rr-fingerprint-magnifying-glass.svg,fingerprint-magnifying-glass,1591,,,
fi-rr-fingerprint-remove.svg,fingerprint-remove,1806,,,
fi-rr-fingerprint-security-risk.svg,fingerprint-security-risk,1689,,,
fi-rr-fingerprint-verified.svg,fingerprint-verified,1994,,,
fi-rr-fingerprint.svg,fingerprint,1242,,,
fi-rr-finish-flag.svg,finish-flag,1431,,,
fi-rr-finish-line.svg,finish-line,1442,,,
fi-rr-fintech.svg,fintech,1266,,,
fi-rr-fire-alarm.svg,fire-alarm,1391,G8 DRIVE (96),G8,DRIVE
fi-rr-fire-bucket.svg,fire-bucket,1420,G8 DRIVE (96),G8,DRIVE
fi-rr-fire-burner.svg,fire-burner,1345,G8 DRIVE (96),G8,DRIVE
fi-rr-fire-door.svg,fire-door,1416,G8 DRIVE (96),G8,DRIVE
fi-rr-fire-emergency-call.svg,fire-emergency-call,1438,G8 DRIVE (96),G8,DRIVE
fi-rr-fire-exit.svg,fire-exit,1627,G8 DRIVE (96),G8,DRIVE
fi-rr-fire-extinguisher.svg,fire-extinguisher,1016,G8 DRIVE (96),G8,DRIVE
fi-rr-fire-flame-curved.svg,fire-flame-curved,989,G8 DRIVE (96),G8,DRIVE
fi-rr-fire-flame-simple.svg,fire-flame-simple,1076,G8 DRIVE (96),G8,DRIVE
fi-rr-fire-helicopter.svg,fire-helicopter,1022,G8 DRIVE (96),G8,DRIVE
fi-rr-fire-hydrant.svg,fire-hydrant,586,G8 DRIVE (96),G8,DRIVE
fi-rr-fire-shield.svg,fire-shield,1235,G8 DRIVE (96),G8,DRIVE
fi-rr-fire-smoke.svg,fire-smoke,1586,G8 DRIVE (96),G8,DRIVE
fi-rr-fire-station.svg,fire-station,1632,G8 DRIVE (96),G8,DRIVE
fi-rr-fireplace.svg,fireplace,1226,,,
fi-rr-first-aid-kit.svg,first-aid-kit,614,,,
fi-rr-first-award.svg,first-award,3170,,,
fi-rr-first-laurel.svg,first-laurel,2974,,,
fi-rr-first-medal.svg,first-medal,1098,,,
fi-rr-first.svg,first,667,,,
fi-rr-fish-bones.svg,fish-bones,1665,,,
fi-rr-fish-cooked.svg,fish-cooked,1867,,,
fi-rr-fish-hook.svg,fish-hook,1368,,,
fi-rr-fish.svg,fish,1289,,,
fi-rr-fishing-rod.svg,fishing-rod,1272,,,
fi-rr-fist-move.svg,fist-move,2655,,,
fi-rr-fitness-time.svg,fitness-time,890,,,
fi-rr-fitness-watch.svg,fitness-watch,990,,,
fi-rr-flag-alt.svg,flag-alt,472,,,
fi-rr-flag-checkered.svg,flag-checkered,1465,,,
fi-rr-flag-usa.svg,flag-usa,1637,,,
fi-rr-flag.svg,flag,388,,,
fi-rr-flame-alert.svg,flame-alert,1275,,,
fi-rr-flame.svg,flame,2093,,,
fi-rr-flash-sale.svg,flash-sale,1194,,,
fi-rr-flashcard.svg,flashcard,948,,,
fi-rr-flashlight.svg,flashlight,914,,,
fi-rr-flask-gear.svg,flask-gear,1551,A16 SYSTEM (96),A16,SYSTEM
fi-rr-flask-poison.svg,flask-poison,1153,,,
fi-rr-flask-potion.svg,flask-potion,1097,,,
fi-rr-flask.svg,flask,839,,,
fi-rr-flatbread-stuffed.svg,flatbread-stuffed,2036,,,
fi-rr-flatbread.svg,flatbread,803,,,
fi-rr-flip-horizontal.svg,flip-horizontal,444,,,
fi-rr-flooding.svg,flooding,1995,,,
fi-rr-floor-alt.svg,floor-alt,1131,,,
fi-rr-floor-layer.svg,floor-layer,1033,A1 LAYER 1 (96); A2 LAYER 2 (96); A3 LAYER 3 (96); A4 LAYER 4 (96),A1,LAYER 1
fi-rr-floor.svg,floor,1351,,,
fi-rr-floppy-disk-circle-arrow-right.svg,floppy-disk-circle-arrow-right,1077,D10 POSITION + (97); H8 PATTERN + (97),D10,POSITION +
fi-rr-floppy-disk-circle-xmark.svg,floppy-disk-circle-xmark,1151,,,
fi-rr-floppy-disk-pen.svg,floppy-disk-pen,1104,,,
fi-rr-floppy-disks.svg,floppy-disks,750,,,
fi-rr-florin-sign.svg,florin-sign,487,,,
fi-rr-flowchart.svg,flowchart,1442,,,
fi-rr-flower-bouquet.svg,flower-bouquet,1879,,,
fi-rr-flower-butterfly.svg,flower-butterfly,1731,,,
fi-rr-flower-daffodil.svg,flower-daffodil,2329,,,
fi-rr-flower-tulip.svg,flower-tulip,887,,,
fi-rr-flower.svg,flower,762,,,
fi-rr-flushed.svg,flushed,536,,,
fi-rr-flute.svg,flute,1146,,,
fi-rr-flux-capacitor.svg,flux-capacitor,1585,,,
fi-rr-fly-insect.svg,fly-insect,1599,,,
fi-rr-flying-disc.svg,flying-disc,1004,,,
fi-rr-flying-kite.svg,flying-kite,1398,,,
fi-rr-fm-radio.svg,fm-radio,1009,,,
fi-rr-foam-hand.svg,foam-hand,2111,,,
fi-rr-fog.svg,fog,847,,,
fi-rr-folder-archive.svg,folder-archive,1006,E15 BANK - (96); E16 BANK + (96),E15,BANK -
fi-rr-folder-camera.svg,folder-camera,942,D5 CAPTURE (96); E15 BANK - (96); E16 BANK + (96),D5,CAPTURE
fi-rr-folder-check.svg,folder-check,803,E15 BANK - (96); E16 BANK + (96),E15,BANK -
fi-rr-folder-directory.svg,folder-directory,834,E15 BANK - (96); E16 BANK + (96),E15,BANK -
fi-rr-folder-download.svg,folder-download,879,E15 BANK - (96); E16 BANK + (96),E15,BANK -
fi-rr-folder-edit.svg,folder-edit,846,E15 BANK - (96); E16 BANK + (96),E15,BANK -
fi-rr-folder-fire.svg,folder-fire,1282,E15 BANK - (96); E16 BANK + (96); G8 DRIVE (96),E15,BANK -
fi-rr-folder-gear.svg,folder-gear,1365,A16 SYSTEM (96); E15 BANK - (96); E16 BANK + (96),A16,SYSTEM
fi-rr-folder-heart.svg,folder-heart,1002,E15 BANK - (96); E16 BANK + (96),E15,BANK -
fi-rr-folder-link.svg,folder-link,1317,E15 BANK - (96); E16 BANK + (96),E15,BANK -
fi-rr-folder-loop.svg,folder-loop,1016,E15 BANK - (96); E16 BANK + (96),E15,BANK -
fi-rr-folder-math.svg,folder-math,1247,E15 BANK - (96); E16 BANK + (96),E15,BANK -
fi-rr-folder-minus.svg,folder-minus,635,D11 LENGTH - (96); D13 DENSITY - (96); E15 BANK - (96); E16 BANK + (96); H5 TEMPO - (96),D11,LENGTH -
fi-rr-folder-music.svg,folder-music,967,A11 SYNTH (96); E15 BANK - (96); E16 BANK + (96); F1 NOTE 1 (96); F10 NOTE 10 (96); F11 NOTE 11 (96); F12 NOTE 12 (96); F13 NOTE 13 (96); F14 NOTE 14 (96); F15 NOTE 15 (96); F16 NOTE 16 (96); F2 NOTE 2 (96); F3 NOTE 3 (96); F4 NOTE 4 (96); F5 NOTE 5 (96); F6 NOTE 6 (96); F7 NOTE 7 (96); F8 NOTE 8 (96); F9 NOTE 9 (96),A11,SYNTH
fi-rr-folder-notification.svg,folder-notification,634,E15 BANK - (96); E16 BANK + (96),E15,BANK -
fi-rr-folder-open.svg,folder-open,858,E15 BANK - (96); E16 BANK + (96),E15,BANK -
fi-rr-folder-plus-circle.svg,folder-plus-circle,839,D12 LENGTH + (96); D14 DENSITY + (96); E15 BANK - (96); E16 BANK + (96); H6 TEMPO + (96),D12,LENGTH +
fi-rr-folder-times.svg,folder-times,1077,E15 BANK - (96); E16 BANK + (96),E15,BANK -
fi-rr-folder-tree.svg,folder-tree,846,E15 BANK - (96); E16 BANK + (96),E15,BANK -
fi-rr-folder-upload.svg,folder-upload,881,E15 BANK - (96); E16 BANK + (96),E15,BANK -
fi-rr-folder-xmark-circle.svg,folder-xmark-circle,1044,E15 BANK - (96); E16 BANK + (96),E15,BANK -
fi-rr-folder-xmark.svg,folder-xmark,807,E15 BANK - (96); E16 BANK + (96),E15,BANK -
fi-rr-folder.svg,folder,512,E15 BANK - (121); E16 BANK + (121),E15,BANK -
fi-rr-folders.svg,folders,669,,,
fi-rr-follow-folder.svg,follow-folder,928,E15 BANK - (96); E16 BANK + (96),E15,BANK -
fi-rr-follow.svg,follow,957,,,
fi-rr-followcollection.svg,followcollection,1109,,,
fi-rr-followers.svg,followers,1066,,,
fi-rr-following.svg,following,542,,,
fi-rr-fondue-pot.svg,fondue-pot,783,,,
fi-rr-football-player.svg,football-player,1015,,,
fi-rr-football-ticket.svg,football-ticket,1076,,,
fi-rr-football.svg,football,2454,,,
fi-rr-footprint.svg,footprint,1549,,,
fi-rr-foreign-language-audio.svg,foreign-language-audio,1277,G2 FLANGER (96); G3 PHASER (96); G4 TREMOLO (96); G5 VIBRATO (96); G7 REVERB (96),G2,FLANGER
fi-rr-forest-alt.svg,forest-alt,1073,,,
fi-rr-forest.svg,forest,886,,,
fi-rr-fork-spaghetti.svg,fork-spaghetti,1421,,,
fi-rr-fork.svg,fork,503,,,
fi-rr-forklift.svg,forklift,871,,,
fi-rr-form.svg,form,612,,,
fi-rr-fort.svg,fort,843,,,
fi-rr-forward-fast.svg,forward-fast,1077,H6 TEMPO + (96),H6,TEMPO +
fi-rr-forward.svg,forward,664,,,
fi-rr-fox.svg,fox,1071,,,
fi-rr-frame.svg,frame,461,,,
fi-rr-franc-sign.svg,franc-sign,388,,,
fi-rr-france-country-code.svg,france-country-code,807,,,
fi-rr-france.svg,france,2334,,,
fi-rr-fraud-detection.svg,fraud-detection,1015,,,
fi-rr-fraud-prevention.svg,fraud-prevention,1213,,,
fi-rr-free-delivery.svg,free-delivery,2038,D7 SYNC/FREE (96),D7,SYNC/FREE
fi-rr-free.svg,free,1303,D7 SYNC/FREE (121),D7,SYNC/FREE
fi-rr-freemium.svg,freemium,2038,,,
fi-rr-french-fries.svg,french-fries,1024,,,
fi-rr-french.svg,french,1184,,,
fi-rr-friday.svg,friday,1039,,,
fi-rr-frog.svg,frog,1219,,,
fi-rr-front-loader.svg,front-loader,897,,,
fi-rr-frown.svg,frown,468,,,
fi-rr-ftp.svg,ftp,613,,,
fi-rr-fuel-gauge.svg,fuel-gauge,1335,,,
fi-rr-fuel-station-arrow.svg,fuel-station-arrow,1192,,,
fi-rr-full-screen.svg,full-screen,1097,,,
fi-rr-function-process.svg,function-process,2361,,,
fi-rr-function-square.svg,function-square,913,E1 ENV SQUARE (96),E1,ENV SQUARE
fi-rr-function.svg,function,893,,,
fi-rr-funnel-dollar.svg,funnel-dollar,1315,,,
fi-rr-funnel-money.svg,funnel-money,1083,,,
fi-rr-fusilli.svg,fusilli,854,,,
fi-rr-g.svg,g,608,,,
fi-rr-galaxy-alt.svg,galaxy-alt,1381,,,
fi-rr-galaxy-planet.svg,galaxy-planet,1851,,,
fi-rr-galaxy-star.svg,galaxy-star,1773,,,
fi-rr-galaxy.svg,galaxy,1595,,,
fi-rr-gallery-thumbnails.svg,gallery-thumbnails,960,,,
fi-rr-gallery.svg,gallery,813,,,
fi-rr-game-board-alt.svg,game-board-alt,537,,,
fi-rr-game-console-crank-handheld.svg,game-console-crank-handheld,774,,,
fi-rr-game-engine.svg,game-engine,2346,,,
fi-rr-game-level.svg,game-level,2357,,,
fi-rr-game-rules.svg,game-rules,1202,,,
fi-rr-game-server.svg,game-server,1471,,,
fi-rr-gamepad.svg,gamepad,1697,,,
fi-rr-gamer.svg,gamer,1473,,,
fi-rr-gaming-chair.svg,gaming-chair,1211,,,
fi-rr-gaming-mouse.svg,gaming-mouse,891,,,
fi-rr-garage-car.svg,garage-car,846,,,
fi-rr-garage-open.svg,garage-open,587,,,
fi-rr-garage.svg,garage,606,,,
fi-rr-garlic-alt.svg,garlic-alt,1406,,,
fi-rr-garlic.svg,garlic,993,,,
fi-rr-gas-mask.svg,gas-mask,1210,,,
fi-rr-gas-pump-alt.svg,gas-pump-alt,544,,,
fi-rr-gas-pump-slash.svg,gas-pump-slash,717,,,
fi-rr-gas-pump.svg,gas-pump,609,,,
fi-rr-gas-station.svg,gas-station,817,,,
fi-rr-gastric-reflux.svg,gastric-reflux,1412,,,
fi-rr-gauge-circle-bolt.svg,gauge-circle-bolt,1104,,,
fi-rr-gauge-circle-minus.svg,gauge-circle-minus,877,D11 LENGTH - (96); D13 DENSITY - (96); H5 TEMPO - (96),D11,LENGTH -
fi-rr-gauge-circle-plus.svg,gauge-circle-plus,969,D12 LENGTH + (96); D14 DENSITY + (96); H6 TEMPO + (96),D12,LENGTH +
fi-rr-gauze-bandage.svg,gauze-bandage,1293,,,
fi-rr-gavel.svg,gavel,886,,,
fi-rr-gay-couple.svg,gay-couple,1411,,,
fi-rr-gears.svg,gears,1478,,,
fi-rr-gem.svg,gem,1192,,,
fi-rr-general.svg,general,1211,,,
fi-rr-german.svg,german,1070,,,
fi-rr-germany-country-code.svg,germany-country-code,688,,,
fi-rr-germany.svg,germany,1986,,,
fi-rr-ghost.svg,ghost,1003,,,
fi-rr-gif-square.svg,gif-square,780,E1 ENV SQUARE (96),E1,ENV SQUARE
fi-rr-gif.svg,gif,975,,,
fi-rr-gift-alert.svg,gift-alert,936,,,
fi-rr-gift-box-benefits.svg,gift-box-benefits,1617,,,
fi-rr-gift-card.svg,gift-card,1293,,,
fi-rr-gift-voucher.svg,gift-voucher,903,,,
fi-rr-gift.svg,gift,692,,,
fi-rr-gifts.svg,gifts,1504,,,
fi-rr-ginger.svg,ginger,2290,,,
fi-rr-gingerbread-man.svg,gingerbread-man,1147,,,
fi-rr-glacier.svg,glacier,2054,,,
fi-rr-glass-champagne.svg,glass-champagne,593,,,
fi-rr-glass-cheers.svg,glass-cheers,1496,,,
fi-rr-glass-citrus.svg,glass-citrus,1058,,,
fi-rr-glass-empty.svg,glass-empty,586,,,
fi-rr-glass-half.svg,glass-half,646,,,
fi-rr-glass-water-droplet.svg,glass-water-droplet,1391,,,
fi-rr-glass-whiskey-rocks.svg,glass-whiskey-rocks,1121,,,
fi-rr-glass-whiskey.svg,glass-whiskey,712,,,
fi-rr-glass.svg,glass,512,,,
fi-rr-glasses.svg,glasses,505,,,
fi-rr-global-research.svg,global-research,1142,,,
fi-rr-global-warming.svg,global-warming,867,,,
fi-rr-globe-alt.svg,globe-alt,422,,,
fi-rr-globe-pointer.svg,globe-pointer,1747,,,
fi-rr-globe-shield.svg,globe-shield,1405,,,
fi-rr-globe-snow.svg,globe-snow,1036,,,
fi-rr-globe-user.svg,globe-user,1689,,,
fi-rr-globe.svg,globe,965,,,
fi-rr-gltf-file.svg,gltf-file,1448,,,
fi-rr-glucose.svg,glucose,1071,,,
fi-rr-glue-stick.svg,glue-stick,615,,,
fi-rr-glue.svg,glue,900,,,
fi-rr-goal-mountain.svg,goal-mountain,1001,,,
fi-rr-goal-net.svg,goal-net,1347,,,
fi-rr-goalkeeper.svg,goalkeeper,894,,,
fi-rr-goals.svg,goals,1172,,,
fi-rr-golf-bag.svg,golf-bag,1024,,,
fi-rr-golf-ball-grass.svg,golf-ball-grass,1176,,,
fi-rr-golf-ball.svg,golf-ball,673,,,
fi-rr-golf-hole.svg,golf-hole,897,,,
fi-rr-golf.svg,golf,576,,,
fi-rr-golfer.svg,golfer,864,,,
fi-rr-gopuram.svg,gopuram,764,,,
fi-rr-gourmet.svg,gourmet,954,,,
fi-rr-government-budget.svg,government-budget,1117,,,
fi-rr-government-flag.svg,government-flag,723,,,
fi-rr-government-user.svg,government-user,762,,,
fi-rr-gps-navigation.svg,gps-navigation,1354,,,
fi-rr-graduation-cap.svg,graduation-cap,1589,,,
fi-rr-graduation-diploma.svg,graduation-diploma,1484,,,
fi-rr-gramophone.svg,gramophone,912,,,
fi-rr-granola.svg,granola,1692,,,
fi-rr-grape.svg,grape,967,,,
fi-rr-graph-curve.svg,graph-curve,665,E3 ENV HANN (96); E4 ENV GAUSSIAN (96),E3,ENV HANN
fi-rr-graphic-style.svg,graphic-style,1208,,,
fi-rr-graphic-tablet-pen.svg,graphic-tablet-pen,930,,,
fi-rr-graphic-tablet.svg,graphic-tablet,378,,,
fi-rr-grass.svg,grass,1189,,,
fi-rr-grate-droplet.svg,grate-droplet,891,,,
fi-rr-grate.svg,grate,454,,,
fi-rr-greater-than-equal.svg,greater-than-equal,542,,,
fi-rr-greater-than.svg,greater-than,459,,,
fi-rr-greek-helmet.svg,greek-helmet,1493,,,
fi-rr-green-energy.svg,green-energy,954,,,
fi-rr-grid-alt.svg,grid-alt,524,B1 STEP 1 (96); B10 STEP 10 (96); B11 STEP 11 (96); B12 STEP 12 (96); B13 STEP 13 (96); B14 STEP 14 (96); B15 STEP 15 (96); B16 STEP 16 (96); B2 STEP 2 (96); B3 STEP 3 (96); B4 STEP 4 (96); B5 STEP 5 (96); B6 STEP 6 (96); B7 STEP 7 (96); B8 STEP 8 (96); B9 STEP 9 (96),B1,STEP 1
fi-rr-grid-dividers.svg,grid-dividers,1590,B1 STEP 1 (96); B10 STEP 10 (96); B11 STEP 11 (96); B12 STEP 12 (96); B13 STEP 13 (96); B14 STEP 14 (96); B15 STEP 15 (96); B16 STEP 16 (96); B2 STEP 2 (96); B3 STEP 3 (96); B4 STEP 4 (96); B5 STEP 5 (96); B6 STEP 6 (96); B7 STEP 7 (96); B8 STEP 8 (96); B9 STEP 9 (96),B1,STEP 1
fi-rr-grid-lock.svg,grid-lock,890,B1 STEP 1 (96); B10 STEP 10 (96); B11 STEP 11 (96); B12 STEP 12 (96); B13 STEP 13 (96); B14 STEP 14 (96); B15 STEP 15 (96); B16 STEP 16 (96); B2 STEP 2 (96); B3 STEP 3 (96); B4 STEP 4 (96); B5 STEP 5 (96); B6 STEP 6 (96); B7 STEP 7 (96); B8 STEP 8 (96); B9 STEP 9 (96); D2 HOLD/GATE (96),B1,STEP 1
fi-rr-grid-three.svg,grid-three,514,B1 STEP 1 (96); B10 STEP 10 (96); B11 STEP 11 (96); B12 STEP 12 (96); B13 STEP 13 (96); B14 STEP 14 (96); B15 STEP 15 (96); B16 STEP 16 (96); B2 STEP 2 (96); B3 STEP 3 (96); B4 STEP 4 (96); B5 STEP 5 (96); B6 STEP 6 (96); B7 STEP 7 (96); B8 STEP 8 (96); B9 STEP 9 (96),B1,STEP 1
fi-rr-grid-two-alt.svg,grid-two-alt,413,B1 STEP 1 (96); B10 STEP 10 (96); B11 STEP 11 (96); B12 STEP 12 (96); B13 STEP 13 (96); B14 STEP 14 (96); B15 STEP 15 (96); B16 STEP 16 (96); B2 STEP 2 (96); B3 STEP 3 (96); B4 STEP 4 (96); B5 STEP 5 (96); B6 STEP 6 (96); B7 STEP 7 (96); B8 STEP 8 (96); B9 STEP 9 (96),B1,STEP 1
fi-rr-grid-two.svg,grid-two,411,B1 STEP 1 (96); B10 STEP 10 (96); B11 STEP 11 (96); B12 STEP 12 (96); B13 STEP 13 (96); B14 STEP 14 (96); B15 STEP 15 (96); B16 STEP 16 (96); B2 STEP 2 (96); B3 STEP 3 (96); B4 STEP 4 (96); B5 STEP 5 (96); B6 STEP 6 (96); B7 STEP 7 (96); B8 STEP 8 (96); B9 STEP 9 (96),B1,STEP 1
fi-rr-grid.svg,grid,1185,B1 STEP 1 (121); B10 STEP 10 (121); B11 STEP 11 (121); B12 STEP 12 (121); B13 STEP 13 (121); B14 STEP 14 (121); B15 STEP 15 (121); B16 STEP 16 (121); B2 STEP 2 (121); B3 STEP 3 (121); B4 STEP 4 (121); B5 STEP 5 (121); B6 STEP 6 (121); B7 STEP 7 (121); B8 STEP 8 (121); B9 STEP 9 (121),B1,STEP 1
fi-rr-grief.svg,grief,1365,,,
fi-rr-grill-fire.svg,grill-fire,1402,G8 DRIVE (96),G8,DRIVE
fi-rr-grill-hot-alt.svg,grill-hot-alt,1075,,,
fi-rr-grill.svg,grill,673,,,
fi-rr-grimace.svg,grimace,555,,,
fi-rr-grin-alt.svg,grin-alt,638,,,
fi-rr-grin-beam-sweat.svg,grin-beam-sweat,771,,,
fi-rr-grin-beam.svg,grin-beam,722,,,
fi-rr-grin-hearts.svg,grin-hearts,719,,,
fi-rr-grin-squint-tears.svg,grin-squint-tears,990,,,
fi-rr-grin-squint.svg,grin-squint,747,,,
fi-rr-grin-stars.svg,grin-stars,1003,A13 FX (96),A13,FX
fi-rr-grin-tears.svg,grin-tears,977,,,
fi-rr-grin-tongue-squint.svg,grin-tongue-squint,682,,,
fi-rr-grin-tongue-wink.svg,grin-tongue-wink,536,,,
fi-rr-grin-tongue.svg,grin-tongue,544,,,
fi-rr-grin-wink.svg,grin-wink,588,,,
fi-rr-grin.svg,grin,591,,,
fi-rr-grip-dots-vertical.svg,grip-dots-vertical,1133,A10 GRANULAR (96),A10,GRANULAR
fi-rr-grip-dots.svg,grip-dots,1138,A10 GRANULAR (96),A10,GRANULAR
fi-rr-grip-horizontal.svg,grip-horizontal,877,,,
fi-rr-grip-lines-vertical.svg,grip-lines-vertical,321,,,
fi-rr-grip-lines.svg,grip-lines,323,,,
fi-rr-grip-vertical.svg,grip-vertical,874,,,
fi-rr-grocery-bag.svg,grocery-bag,1587,,,
fi-rr-grocery-basket.svg,grocery-basket,1622,,,
fi-rr-group-arrows-rotate.svg,group-arrows-rotate,2930,,,
fi-rr-group-call.svg,group-call,1290,,,
fi-rr-group-community-social-media.svg,group-community-social-media,1794,,,
fi-rr-grow-graphs-box.svg,grow-graphs-box,1099,,,
fi-rr-growth-audience.svg,growth-audience,1375,,,
fi-rr-growth-chart-invest.svg,growth-chart-invest,1322,E2 ENV TRAPEZOID (96); E3 ENV HANN (96); E4 ENV GAUSSIAN (96),E2,ENV TRAPEZOID
fi-rr-growth-money.svg,growth-money,1688,,,
fi-rr-guarani-sign.svg,guarani-sign,682,,,
fi-rr-guide-alt.svg,guide-alt,728,,,
fi-rr-guide-book.svg,guide-book,895,,,
fi-rr-guide.svg,guide,887,,,
fi-rr-guitar-electric.svg,guitar-electric,1554,,,
fi-rr-guitar.svg,guitar,1126,,,
fi-rr-guitars.svg,guitars,1832,,,
fi-rr-gun-shooting.svg,gun-shooting,1338,,,
fi-rr-gun-squirt.svg,gun-squirt,881,,,
fi-rr-gun.svg,gun,1036,,,
fi-rr-gym-bag.svg,gym-bag,488,,,
fi-rr-gym.svg,gym,821,,,
fi-rr-gynecology.svg,gynecology,1303,,,
fi-rr-gyoza.svg,gyoza,1823,,,
fi-rr-h-square.svg,h-square,514,E1 ENV SQUARE (96),E1,ENV SQUARE
fi-rr-h.svg,h,322,,,
fi-rr-h1.svg,h1,485,,,
fi-rr-h2.svg,h2,748,,,
fi-rr-h3.svg,h3,604,,,
fi-rr-h4.svg,h4,513,,,
fi-rr-hacker.svg,hacker,1235,,,
fi-rr-hair-clipper.svg,hair-clipper,1256,,,
fi-rr-hair-conditioner.svg,hair-conditioner,1109,,,
fi-rr-hairbrush.svg,hairbrush,1475,,,
fi-rr-haircut.svg,haircut,1469,,,
fi-rr-hairdryer.svg,hairdryer,967,,,
fi-rr-half-loading.svg,half-loading,958,,,
fi-rr-hamburger-soda.svg,hamburger-soda,842,,,
fi-rr-hamburger.svg,hamburger,851,,,
fi-rr-hammer-brush.svg,hammer-brush,1332,,,
fi-rr-hammer-crash.svg,hammer-crash,1411,C11 CRASH (96),C11,CRASH
fi-rr-hammer-war.svg,hammer-war,1267,,,
fi-rr-hammer.svg,hammer,976,,,
fi-rr-hamsa.svg,hamsa,1490,,,
fi-rr-hand-back-fist.svg,hand-back-fist,838,,,
fi-rr-hand-back-point-down.svg,hand-back-point-down,923,D15 PITCH - (96),D15,PITCH -
fi-rr-hand-back-point-left.svg,hand-back-point-left,907,D9 POSITION - (96),D9,POSITION -
fi-rr-hand-back-point-ribbon.svg,hand-back-point-ribbon,1046,,,
fi-rr-hand-back-point-right.svg,hand-back-point-right,924,D10 POSITION + (96),D10,POSITION +
fi-rr-hand-bandage-wound.svg,hand-bandage-wound,1362,,,
fi-rr-hand-bill.svg,hand-bill,1383,,,
fi-rr-hand-cleaning.svg,hand-cleaning,1739,,,
fi-rr-hand-dots.svg,hand-dots,1597,A10 GRANULAR (96),A10,GRANULAR
fi-rr-hand-dryer.svg,hand-dryer,1000,,,
fi-rr-hand-fingers-crossed.svg,hand-fingers-crossed,1774,,,
fi-rr-hand-fist.svg,hand-fist,1534,,,
fi-rr-hand-heart.svg,hand-heart,1436,,,
fi-rr-hand-holding-box.svg,hand-holding-box,1077,,,
fi-rr-hand-holding-document.svg,hand-holding-document,969,,,
fi-rr-hand-holding-droplet.svg,hand-holding-droplet,1094,,,
fi-rr-hand-holding-heart.svg,hand-holding-heart,1006,,,
fi-rr-hand-holding-magic.svg,hand-holding-magic,1143,,,
fi-rr-hand-holding-medical.svg,hand-holding-medical,962,,,
fi-rr-hand-holding-seeding.svg,hand-holding-seeding,1339,,,
fi-rr-hand-holding-skull.svg,hand-holding-skull,1099,,,
fi-rr-hand-holding-usd.svg,hand-holding-usd,1222,,,
fi-rr-hand-holding-water.svg,hand-holding-water,1152,,,
fi-rr-hand-horns-bolt.svg,hand-horns-bolt,1720,,,
fi-rr-hand-horns.svg,hand-horns,1251,,,
fi-rr-hand-key.svg,hand-key,1547,,,
fi-rr-hand-lizard.svg,hand-lizard,930,,,
fi-rr-hand-love.svg,hand-love,1343,,,
fi-rr-hand-middle-finger.svg,hand-middle-finger,987,,,
fi-rr-hand-paper.svg,hand-paper,1169,,,
fi-rr-hand-peace.svg,hand-peace,1512,,,
fi-rr-hand-point-ribbon.svg,hand-point-ribbon,1646,,,
fi-rr-hand-present.svg,hand-present,1195,,,
fi-rr-hand-scissors.svg,hand-scissors,1120,,,
fi-rr-hand-sparkles.svg,hand-sparkles,2036,A13 FX (96),A13,FX
fi-rr-hand-spock.svg,hand-spock,1642,,,
fi-rr-hand-wave.svg,hand-wave,2154,G2 FLANGER (96); G3 PHASER (96); G4 TREMOLO (96); G5 VIBRATO (96),G2,FLANGER
fi-rr-hand-zoom-in.svg,hand-zoom-in,990,,,
fi-rr-hand.svg,hand,590,,,
fi-rr-handcuffed-hands.svg,handcuffed-hands,1218,,,
fi-rr-handcuffs.svg,handcuffs,1541,,,
fi-rr-handmade.svg,handmade,1823,,,
fi-rr-hands-brain.svg,hands-brain,2297,,,
fi-rr-hands-bubbles.svg,hands-bubbles,2452,,,
fi-rr-hands-clapping.svg,hands-clapping,2045,,,
fi-rr-hands-heart.svg,hands-heart,1769,,,
fi-rr-hands-holding-child.svg,hands-holding-child,1596,,,
fi-rr-hands-holding-diamond.svg,hands-holding-diamond,1768,,,
fi-rr-hands-holding.svg,hands-holding,1396,,,
fi-rr-hands-together-heart.svg,hands-together-heart,1517,,,
fi-rr-hands-together.svg,hands-together,1715,,,
fi-rr-hands-typing-keyboard.svg,hands-typing-keyboard,1607,A11 SYNTH (96),A11,SYNTH
fi-rr-hands-usd.svg,hands-usd,1781,,,
fi-rr-handshake-angle.svg,handshake-angle,994,,,
fi-rr-handshake-deal-loan.svg,handshake-deal-loan,1703,,,
fi-rr-handshake-house.svg,handshake-house,1354,,,
fi-rr-handshake-simple-slash.svg,handshake-simple-slash,1350,,,
fi-rr-handshake-trust.svg,handshake-trust,1365,,,
fi-rr-handshake.svg,handshake,1309,,,
fi-rr-handstand.svg,handstand,535,,,
fi-rr-hanukiah.svg,hanukiah,2499,,,
fi-rr-hard-disk-scan.svg,hard-disk-scan,1092,,,
fi-rr-hard-drive.svg,hard-drive,645,G8 DRIVE (96),G8,DRIVE
fi-rr-hard-hat.svg,hard-hat,660,,,
fi-rr-harp.svg,harp,775,,,
fi-rr-hashtag-lock.svg,hashtag-lock,1070,D2 HOLD/GATE (96),D2,HOLD/GATE
fi-rr-hastag.svg,hastag,476,,,
fi-rr-hat-beach.svg,hat-beach,1132,,,
fi-rr-hat-birthday.svg,hat-birthday,1243,,,
fi-rr-hat-chef.svg,hat-chef,753,,,
fi-rr-hat-cowboy-side.svg,hat-cowboy-side,1095,,,
fi-rr-hat-cowboy.svg,hat-cowboy,1185,,,
fi-rr-hat-santa.svg,hat-santa,922,,,
fi-rr-hat-winter.svg,hat-winter,693,,,
fi-rr-hat-witch.svg,hat-witch,864,,,
fi-rr-hat-wizard.svg,hat-wizard,1212,,,
fi-rr-haute-cuisine.svg,haute-cuisine,1220,,,
fi-rr-hdd.svg,hdd,524,,,
fi-rr-head-side-brain.svg,head-side-brain,1490,,,
fi-rr-head-side-cough-slash.svg,head-side-cough-slash,1124,,,
fi-rr-head-side-cough.svg,head-side-cough,922,,,
fi-rr-head-side-headphones.svg,head-side-headphones,989,A6 SOLO (96),A6,SOLO
fi-rr-head-side-heart.svg,head-side-heart,1076,,,
fi-rr-head-side-mask.svg,head-side-mask,791,,,
fi-rr-head-side-medical.svg,head-side-medical,858,,,
fi-rr-head-side-thinking.svg,head-side-thinking,1147,,,
fi-rr-head-side-virus.svg,head-side-virus,1607,,,
fi-rr-head-side.svg,head-side,727,,,
fi-rr-head-vr.svg,head-vr,1013,,,
fi-rr-headache.svg,headache,1294,,,
fi-rr-heading.svg,heading,483,,,
fi-rr-headphones-pairing.svg,headphones-pairing,1199,A6 SOLO (96),A6,SOLO
fi-rr-headphones-rhythm.svg,headphones-rhythm,792,A6 SOLO (96),A6,SOLO
fi-rr-headphones.svg,headphones,350,A6 SOLO (121),A6,SOLO
fi-rr-headset.svg,headset,355,,,
fi-rr-healing.svg,healing,1380,,,
fi-rr-health-podcast.svg,health-podcast,1548,,,
fi-rr-heart-arrow.svg,heart-arrow,795,,,
fi-rr-heart-brain.svg,heart-brain,2043,,,
fi-rr-heart-circle-user.svg,heart-circle-user,2637,,,
fi-rr-heart-crack.svg,heart-crack,781,,,
fi-rr-heart-half-stroke.svg,heart-half-stroke,640,,,
fi-rr-heart-half.svg,heart-half,599,,,
fi-rr-heart-health-muscle.svg,heart-health-muscle,1691,,,
fi-rr-heart-lock.svg,heart-lock,1097,D2 HOLD/GATE (96),D2,HOLD/GATE
fi-rr-heart-partner-handshake.svg,heart-partner-handshake,1633,,,
fi-rr-heart-rate.svg,heart-rate,681,,,
fi-rr-heart-slash.svg,heart-slash,1144,,,
fi-rr-heart-upside-down.svg,heart-upside-down,843,D15 PITCH - (96),D15,PITCH -
fi-rr-heart.svg,heart,555,,,
fi-rr-heat.svg,heat,953,,,
fi-rr-helicopter-side.svg,helicopter-side,641,,,
fi-rr-helmet-battle.svg,helmet-battle,1025,,,
fi-rr-hermit-crab.svg,hermit-crab,2140,,,
fi-rr-hexagon-check.svg,hexagon-check,917,,,
fi-rr-hexagon-divide.svg,hexagon-divide,923,,,
fi-rr-hexagon-exclamation.svg,hexagon-exclamation,814,,,
fi-rr-hexagon.svg,hexagon,640,,,
fi-rr-high-definition.svg,high-definition,642,,,
fi-rr-high-five-celebration-yes.svg,high-five-celebration-yes,2128,,,
fi-rr-high-five.svg,high-five,1460,,,
fi-rr-high-temperature-alert.svg,high-temperature-alert,1007,,,
fi-rr-highlighter-line.svg,highlighter-line,722,,,
fi-rr-highlighter.svg,highlighter,755,,,
fi-rr-hiking-boot.svg,hiking-boot,1220,,,
fi-rr-hiking.svg,hiking,892,,,
fi-rr-hill-avalanche.svg,hill-avalanche,1179,,,
fi-rr-hill-rockslide.svg,hill-rockslide,1792,,,
fi-rr-hippie.svg,hippie,1108,,,
fi-rr-hippo.svg,hippo,1507,,,
fi-rr-hockey-puck.svg,hockey-puck,457,,,
fi-rr-hockey-stick-puck.svg,hockey-stick-puck,533,,,
fi-rr-hockey-sticks.svg,hockey-sticks,1050,,,
fi-rr-holding-hand-brain.svg,holding-hand-brain,1648,,,
fi-rr-holding-hand-delivery.svg,holding-hand-delivery,1669,,,
fi-rr-holding-hand-dinner.svg,holding-hand-dinner,973,,,
fi-rr-holding-hand-direction.svg,holding-hand-direction,1380,,,
fi-rr-holding-hand-gear.svg,holding-hand-gear,1544,A16 SYSTEM (96),A16,SYSTEM
fi-rr-holding-hand-key.svg,holding-hand-key,1621,,,
fi-rr-holding-hand-nft.svg,holding-hand-nft,1446,,,
fi-rr-holding-hand-pizza-box.svg,holding-hand-pizza-box,1062,,,
fi-rr-holding-hand-revenue.svg,holding-hand-revenue,1084,,,
fi-rr-holly-berry.svg,holly-berry,2081,,,
fi-rr-home-control-app.svg,home-control-app,967,,,
fi-rr-home-heart.svg,home-heart,1037,,,
fi-rr-home-location-alt.svg,home-location-alt,708,,,
fi-rr-home-location.svg,home-location,677,,,
fi-rr-home-robot.svg,home-robot,1047,,,
fi-rr-home-settings.svg,home-settings,1215,A16 SYSTEM (96),A16,SYSTEM
fi-rr-home-wifi-phone.svg,home-wifi-phone,1110,,,
fi-rr-home.svg,home,529,,,
fi-rr-homework.svg,homework,1379,,,
fi-rr-honey-pot.svg,honey-pot,824,,,
fi-rr-honeycomb-bee.svg,honeycomb-bee,2535,,,
fi-rr-honeycomb.svg,honeycomb,2452,,,
fi-rr-hood-cloak.svg,hood-cloak,1452,,,
fi-rr-hook.svg,hook,600,,,
fi-rr-horizontal-rule.svg,horizontal-rule,242,,,
fi-rr-horse-head.svg,horse-head,1056,,,
fi-rr-horse-saddle.svg,horse-saddle,1490,,,
fi-rr-horse.svg,horse,1461,,,
fi-rr-horseshoe-broken.svg,horseshoe-broken,1675,,,
fi-rr-horseshoe.svg,horseshoe,1281,,,
fi-rr-hose-reel.svg,hose-reel,727,,,
fi-rr-hose.svg,hose,641,,,
fi-rr-hospital-bed.svg,hospital-bed,627,,,
fi-rr-hospital-symbol.svg,hospital-symbol,462,,,
fi-rr-hospital-user.svg,hospital-user,1163,,,
fi-rr-hospital.svg,hospital,991,,,
fi-rr-hospitals.svg,hospitals,1142,,,
fi-rr-hot-tub.svg,hot-tub,1149,,,
fi-rr-hotdog.svg,hotdog,1042,,,
fi-rr-hotel-room-key.svg,hotel-room-key,1044,E10 SPACE - (96); E11 SPACE + (96),E10,SPACE -
fi-rr-hotel.svg,hotel,946,,,
fi-rr-hourglass-end.svg,hourglass-end,1152,,,
fi-rr-hourglass-start.svg,hourglass-start,1431,,,
fi-rr-hourglass.svg,hourglass,926,,,
fi-rr-house-blank.svg,house-blank,571,,,
fi-rr-house-briefcase.svg,house-briefcase,751,,,
fi-rr-house-building.svg,house-building,1255,,,
fi-rr-house-chimney-blank.svg,house-chimney-blank,608,,,
fi-rr-house-chimney-crack.svg,house-chimney-crack,1307,,,
fi-rr-house-chimney-heart.svg,house-chimney-heart,1069,,,
fi-rr-house-chimney-medical.svg,house-chimney-medical,1157,,,
fi-rr-house-chimney-user.svg,house-chimney-user,786,,,
fi-rr-house-chimney-window.svg,house-chimney-window,711,E3 ENV HANN (96),E3,ENV HANN
fi-rr-house-chimney.svg,house-chimney,706,,,
fi-rr-house-circle-check.svg,house-circle-check,938,,,
fi-rr-house-circle-exclamation.svg,house-circle-exclamation,837,,,
fi-rr-house-circle-xmark.svg,house-circle-xmark,1033,,,
fi-rr-house-crack-alt.svg,house-crack-alt,830,,,
fi-rr-house-crack.svg,house-crack,1274,,,
fi-rr-house-day.svg,house-day,1365,,,
fi-rr-house-fire.svg,house-fire,1444,G8 DRIVE (96),G8,DRIVE
fi-rr-house-flag.svg,house-flag,1026,,,
fi-rr-house-flood.svg,house-flood,1138,,,
fi-rr-house-hand.svg,house-hand,1225,,,
fi-rr-house-hands.svg,house-hands,1513,,,
fi-rr-house-key.svg,house-key,1393,,,
fi-rr-house-laptop.svg,house-laptop,1024,,,
fi-rr-house-leave.svg,house-leave,1489,,,
fi-rr-house-lock.svg,house-lock,918,D2 HOLD/GATE (96),D2,HOLD/GATE
fi-rr-house-medical.svg,house-medical,1130,,,
fi-rr-house-night.svg,house-night,1888,,,
fi-rr-house-plan.svg,house-plan,489,,,
fi-rr-house-return.svg,house-return,1477,,,
fi-rr-house-signal.svg,house-signal,949,A12 ANALOG (96),A12,ANALOG
fi-rr-house-tree.svg,house-tree,1453,,,
fi-rr-house-tsunami.svg,house-tsunami,1849,,,
fi-rr-house-turret.svg,house-turret,1011,,,
fi-rr-house-unlock.svg,house-unlock,945,,,
fi-rr-house-user.svg,house-user,746,,,
fi-rr-house-window.svg,house-window,689,E3 ENV HANN (96),E3,ENV HANN
fi-rr-hr-group.svg,hr-group,1932,,,
fi-rr-hr-management.svg,hr-management,1596,,,
fi-rr-hr-person.svg,hr-person,1704,,,
fi-rr-hr.svg,hr,1133,,,
fi-rr-hryvnia.svg,hryvnia,984,,,
fi-rr-html-file.svg,html-file,1401,,,
fi-rr-hug-tree.svg,hug-tree,834,,,
fi-rr-humanitarian-mission.svg,humanitarian-mission,1532,,,
fi-rr-humidity.svg,humidity,594,,,
fi-rr-hundred-points.svg,hundred-points,1063,,,
fi-rr-hurricane.svg,hurricane,720,,,
fi-rr-hybrid-work.svg,hybrid-work,1243,,,
fi-rr-hydroalcoholic-gel.svg,hydroalcoholic-gel,1586,,,
fi-rr-hyperloop.svg,hyperloop,1397,,,
fi-rr-i.svg,i,312,,,
fi-rr-ice-cream.svg,ice-cream,680,D1 FREEZE (96); G15 FX FREEZE (96),D1,FREEZE
fi-rr-ice-skate.svg,ice-skate,796,D1 FREEZE (96); G15 FX FREEZE (96),D1,FREEZE
fi-rr-iceberg.svg,iceberg,1561,,,
fi-rr-icicles.svg,icicles,969,,,
fi-rr-icon-star.svg,icon-star,954,,,
fi-rr-id-badge.svg,id-badge,666,,,
fi-rr-id-card-clip-alt.svg,id-card-clip-alt,912,,,
fi-rr-id-card.svg,id-card,867,,,
fi-rr-idea-exchange.svg,idea-exchange,2028,,,
fi-rr-idea-magnet.svg,idea-magnet,1687,,,
fi-rr-igloo.svg,igloo,700,,,
fi-rr-image-alert.svg,image-alert,1015,,,
fi-rr-image-slash.svg,image-slash,783,,,
fi-rr-images-user.svg,images-user,763,,,
fi-rr-images.svg,images,989,,,
fi-rr-immunity.svg,immunity,1310,,,
fi-rr-improve-user.svg,improve-user,1154,,,
fi-rr-improvement.svg,improvement,1302,,,
fi-rr-inbox-full.svg,inbox-full,1094,,,
fi-rr-inbox-in.svg,inbox-in,768,,,
fi-rr-inbox-out.svg,inbox-out,810,,,
fi-rr-inbox.svg,inbox,510,,,
fi-rr-inboxes.svg,inboxes,730,,,
fi-rr-incense-sticks-yoga.svg,incense-sticks-yoga,1089,,,
fi-rr-incognito.svg,incognito,1109,,,
fi-rr-indent.svg,indent,472,,,
fi-rr-india-map.svg,india-map,1821,,,
fi-rr-indian-rupee-sign.svg,indian-rupee-sign,571,,,
fi-rr-industrial-pollution.svg,industrial-pollution,1466,,,
fi-rr-industry-alt.svg,industry-alt,791,,,
fi-rr-industry-windows.svg,industry-windows,1214,,,
fi-rr-infinite-cycle.svg,infinite-cycle,1014,,,
fi-rr-infinity.svg,infinity,437,,,
fi-rr-info-guide.svg,info-guide,1325,,,
fi-rr-info.svg,info,362,,,
fi-rr-information.svg,information,409,,,
fi-rr-inhaler.svg,inhaler,1099,,,
fi-rr-ink.svg,ink,974,,,
fi-rr-input-numeric.svg,input-numeric,528,E13 SOURCE - (96); E14 SOURCE + (96),E13,SOURCE -
fi-rr-input-pipe.svg,input-pipe,438,E13 SOURCE - (96); E14 SOURCE + (96),E13,SOURCE -
fi-rr-input-text.svg,input-text,721,E13 SOURCE - (96); E14 SOURCE + (96),E13,SOURCE -
fi-rr-insert-alt.svg,insert-alt,740,,,
fi-rr-insert-arrows.svg,insert-arrows,1132,,,
fi-rr-insert-button-circle.svg,insert-button-circle,659,,,
fi-rr-insert-credit-card.svg,insert-credit-card,590,,,
fi-rr-insert-square.svg,insert-square,644,E1 ENV SQUARE (96),E1,ENV SQUARE
fi-rr-insert.svg,insert,778,,,
fi-rr-insight-alt.svg,insight-alt,1612,,,
fi-rr-insight-head.svg,insight-head,1112,,,
fi-rr-insight.svg,insight,1292,,,
fi-rr-insomnia.svg,insomnia,1772,,,
fi-rr-insurance.svg,insurance,1111,,,
fi-rr-insurtech.svg,insurtech,2060,,,
fi-rr-integral.svg,integral,413,,,
fi-rr-interactive.svg,interactive,642,,,
fi-rr-interlining.svg,interlining,498,,,
fi-rr-internet-security.svg,internet-security,1391,,,
fi-rr-internet-speed-wifi.svg,internet-speed-wifi,867,,,
fi-rr-interpersonal-skill.svg,interpersonal-skill,1933,,,
fi-rr-interrogation.svg,interrogation,527,,,
fi-rr-intersection.svg,intersection,312,,,
fi-rr-introduction-handshake.svg,introduction-handshake,1946,,,
fi-rr-introduction.svg,introduction,1070,,,
fi-rr-inventory-alt.svg,inventory-alt,1389,,,
fi-rr-invest.svg,invest,738,,,
fi-rr-investment.svg,investment,1434,,,
fi-rr-investor.svg,investor,1245,,,
fi-rr-invite-alt.svg,invite-alt,762,,,
fi-rr-invite.svg,invite,1352,,,
fi-rr-invoice-paid.svg,invoice-paid,1234,,,
fi-rr-iot-alt.svg,iot-alt,1938,,,
fi-rr-iot.svg,iot,1354,,,
fi-rr-ip-address.svg,ip-address,934,,,
fi-rr-iron.svg,iron,601,,,
fi-rr-island-tropical.svg,island-tropical,1812,,,
fi-rr-iso-file.svg,iso-file,1621,,,
fi-rr-issue-loupe.svg,issue-loupe,890,,,
fi-rr-it-alt.svg,it-alt,1332,,,
fi-rr-it-computer.svg,it-computer,1607,,,
fi-rr-it.svg,it,1424,,,
fi-rr-italian-coffee-maker.svg,italian-coffee-maker,974,,,
fi-rr-italian-lira-sign.svg,italian-lira-sign,555,,,
fi-rr-italian.svg,italian,947,,,
fi-rr-italic.svg,italic,259,,,
fi-rr-ivy.svg,ivy,3594,,,
fi-rr-j.svg,j,333,,,
fi-rr-jam.svg,jam,866,,,
fi-rr-january-calendar.svg,january-calendar,1197,,,
fi-rr-japanese.svg,japanese,1249,,,
fi-rr-jar-alt.svg,jar-alt,599,,,
fi-rr-jar-wheat.svg,jar-wheat,1351,,,
fi-rr-javascript.svg,javascript,1492,,,
fi-rr-jelly.svg,jelly,1103,,,
fi-rr-job-search.svg,job-search,688,,,
fi-rr-joint.svg,joint,1040,,,
fi-rr-joker.svg,joker,927,,,
fi-rr-journal-alt.svg,journal-alt,1065,,,
fi-rr-journal.svg,journal,918,,,
fi-rr-journey.svg,journey,1135,,,
fi-rr-joystick.svg,joystick,574,,,
fi-rr-jpg.svg,jpg,1106,,,
fi-rr-json-file.svg,json-file,1752,,,
fi-rr-judge.svg,judge,1308,,,
fi-rr-jug-alt.svg,jug-alt,1057,,,
fi-rr-jug-bottle.svg,jug-bottle,796,,,
fi-rr-jug.svg,jug,807,,,
fi-rr-july-calendar.svg,july-calendar,927,,,
fi-rr-jumping-rope.svg,jumping-rope,1379,,,
fi-rr-june-calendar.svg,june-calendar,1018,,,
fi-rr-jury.svg,jury,1296,,,
fi-rr-k-pop-headphones.svg,k-pop-headphones,1428,A6 SOLO (96),A6,SOLO
fi-rr-k-pop-microphone.svg,k-pop-microphone,2004,A6 SOLO (96); H2 RECORD (96),A6,SOLO
fi-rr-k-pop.svg,k-pop,1785,,,
fi-rr-k.svg,k,476,,,
fi-rr-kaaba.svg,kaaba,1340,,,
fi-rr-kangaroo.svg,kangaroo,1510,,,
fi-rr-kayak.svg,kayak,1277,,,
fi-rr-kazoo.svg,kazoo,1120,,,
fi-rr-kerning.svg,kerning,943,,,
fi-rr-key-car.svg,key-car,1095,,,
fi-rr-key-hole.svg,key-hole,829,,,
fi-rr-key-lock-crypto.svg,key-lock-crypto,792,D2 HOLD/GATE (96),D2,HOLD/GATE
fi-rr-key-person.svg,key-person,802,,,
fi-rr-key-skeleton-left-right.svg,key-skeleton-left-right,674,D10 POSITION + (96); D9 POSITION - (96),D10,POSITION +
fi-rr-key.svg,key,826,,,
fi-rr-keyboard-brightness-low.svg,keyboard-brightness-low,631,A11 SYNTH (96),A11,SYNTH
fi-rr-keyboard-brightness.svg,keyboard-brightness,686,A11 SYNTH (96),A11,SYNTH
fi-rr-keyboard-down.svg,keyboard-down,994,A11 SYNTH (96); D15 PITCH - (96),A11,SYNTH
fi-rr-keyboard-finger.svg,keyboard-finger,1335,A11 SYNTH (96),A11,SYNTH
fi-rr-keyboard-left.svg,keyboard-left,1111,A11 SYNTH (96); D9 POSITION - (96),A11,SYNTH
fi-rr-keyboard.svg,keyboard,617,A11 SYNTH (121),A11,SYNTH
fi-rr-keynote.svg,keynote,825,,,
fi-rr-khanda.svg,khanda,1745,,,
fi-rr-kidneys.svg,kidneys,1454,,,
fi-rr-kimchi.svg,kimchi,2145,,,
fi-rr-kip-sign.svg,kip-sign,484,,,
fi-rr-kiss-beam.svg,kiss-beam,718,,,
fi-rr-kiss-wink-heart.svg,kiss-wink-heart,811,,,
fi-rr-kiss.svg,kiss,630,,,
fi-rr-kitchen-set.svg,kitchen-set,919,,,
fi-rr-kite.svg,kite,876,,,
fi-rr-kiwi-bird.svg,kiwi-bird,1329,,,
fi-rr-kiwi-fruit.svg,kiwi-fruit,1606,,,
fi-rr-knee-joint.svg,knee-joint,1591,,,
fi-rr-knife-kitchen.svg,knife-kitchen,966,,,
fi-rr-knife.svg,knife,428,,,
fi-rr-knight.svg,knight,1613,,,
fi-rr-knitting.svg,knitting,1513,,,
fi-rr-knot-rope.svg,knot-rope,1801,,,
fi-rr-knowledge.svg,knowledge,1962,,,
fi-rr-kombucha.svg,kombucha,1002,,,
fi-rr-korean.svg,korean,1282,,,
fi-rr-kpi-evaluation.svg,kpi-evaluation,1511,,,
fi-rr-kpi.svg,kpi,667,,,
fi-rr-l.svg,l,288,,,
fi-rr-lab-coat.svg,lab-coat,970,,,
fi-rr-label.svg,label,441,,,
fi-rr-lacrosse-stick-ball.svg,lacrosse-stick-ball,1184,,,
fi-rr-lacrosse-stick.svg,lacrosse-stick,1063,,,
fi-rr-ladder.svg,ladder,652,,,
fi-rr-ladybug-leaf.svg,ladybug-leaf,1205,,,
fi-rr-lambda.svg,lambda,538,,,
fi-rr-lamp-desk-on.svg,lamp-desk-on,1150,,,
fi-rr-lamp-desk.svg,lamp-desk,954,,,
fi-rr-lamp-floor.svg,lamp-floor,680,,,
fi-rr-lamp-street.svg,lamp-street,798,,,
fi-rr-lamp.svg,lamp,920,,,
fi-rr-land-layer-location.svg,land-layer-location,1038,A1 LAYER 1 (96); A2 LAYER 2 (96); A3 LAYER 3 (96); A4 LAYER 4 (96),A1,LAYER 1
fi-rr-land-layers.svg,land-layers,1197,A1 LAYER 1 (96); A2 LAYER 2 (96); A3 LAYER 3 (96); A4 LAYER 4 (96),A1,LAYER 1
fi-rr-land-location.svg,land-location,1347,,,
fi-rr-land-mine-on.svg,land-mine-on,938,,,
fi-rr-landmark-alt.svg,landmark-alt,631,,,
fi-rr-language-exchange.svg,language-exchange,2032,,,
fi-rr-language-learning-app.svg,language-learning-app,1058,,,
fi-rr-language.svg,language,1284,,,
fi-rr-languages-world.svg,languages-world,2166,,,
fi-rr-lanterns.svg,lanterns,1437,,,
fi-rr-laptop-arrow-down.svg,laptop-arrow-down,957,D15 PITCH - (97),D15,PITCH -
fi-rr-laptop-binary.svg,laptop-binary,1100,,,
fi-rr-laptop-code.svg,laptop-code,1175,,,
fi-rr-laptop-dollar.svg,laptop-dollar,1163,,,
fi-rr-laptop-lock.svg,laptop-lock,967,D2 HOLD/GATE (96),D2,HOLD/GATE
fi-rr-laptop-medical.svg,laptop-medical,790,,,
fi-rr-laptop-mobile.svg,laptop-mobile,672,,,
fi-rr-laptop-mute.svg,laptop-mute,1152,A5 MUTE (96),A5,MUTE
fi-rr-laptop-no-camera.svg,laptop-no-camera,1105,D5 CAPTURE (96),D5,CAPTURE
fi-rr-laptop-refresh.svg,laptop-refresh,991,D6 RESAMPLE (96),D6,RESAMPLE
fi-rr-laptop-shield.svg,laptop-shield,1053,,,
fi-rr-laptop-signal.svg,laptop-signal,809,A12 ANALOG (96),A12,ANALOG
fi-rr-laptop-slash.svg,laptop-slash,894,,,
fi-rr-laptop.svg,laptop,499,,,
fi-rr-lari-sign.svg,lari-sign,637,,,
fi-rr-lasagna.svg,lasagna,2858,,,
fi-rr-lasso-sparkles.svg,lasso-sparkles,1339,A13 FX (96),A13,FX
fi-rr-lasso.svg,lasso,765,,,
fi-rr-last-square.svg,last-square,704,E1 ENV SQUARE (96),E1,ENV SQUARE
fi-rr-laugh-beam.svg,laugh-beam,635,,,
fi-rr-laugh-squint.svg,laugh-squint,646,,,
fi-rr-laugh-wink.svg,laugh-wink,554,,,
fi-rr-laugh.svg,laugh,469,,,
fi-rr-launch.svg,launch,1261,,,
fi-rr-laurel-user.svg,laurel-user,3055,,,
fi-rr-law-book.svg,law-book,817,,,
fi-rr-lawyer-man.svg,lawyer-man,819,,,
fi-rr-lawyer-woman.svg,lawyer-woman,1507,,,
fi-rr-layer-minus.svg,layer-minus,1037,A1 LAYER 1 (96); A2 LAYER 2 (96); A3 LAYER 3 (96); A4 LAYER 4 (96); D11 LENGTH - (96); D13 DENSITY - (96); H5 TEMPO - (96),A1,LAYER 1
fi-rr-layer-plus.svg,layer-plus,1125,A1 LAYER 1 (96); A2 LAYER 2 (96); A3 LAYER 3 (96); A4 LAYER 4 (96); D12 LENGTH + (96); D14 DENSITY + (96); H6 TEMPO + (96),A1,LAYER 1
fi-rr-layers.svg,layers,667,A1 LAYER 1 (121); A2 LAYER 2 (121); A3 LAYER 3 (121); A4 LAYER 4 (121),A1,LAYER 1
fi-rr-layout-fluid.svg,layout-fluid,534,,,
fi-rr-lead-funnel.svg,lead-funnel,1524,,,
fi-rr-lead-management.svg,lead-management,2003,,,
fi-rr-lead.svg,lead,861,,,
fi-rr-leader-alt.svg,leader-alt,1171,,,
fi-rr-leader-speech.svg,leader-speech,785,,,
fi-rr-leader.svg,leader,674,,,
fi-rr-leaderboard-alt.svg,leaderboard-alt,1390,,,
fi-rr-leaderboard-trophy.svg,leaderboard-trophy,1075,,,
fi-rr-leaderboard.svg,leaderboard,969,,,
fi-rr-leadership-alt.svg,leadership-alt,1758,,,
fi-rr-leadership.svg,leadership,1162,,,
fi-rr-leaf-fall.svg,leaf-fall,1780,,,
fi-rr-leaf-heart.svg,leaf-heart,1392,,,
fi-rr-leaf-maple.svg,leaf-maple,2042,,,
fi-rr-leaf-oak.svg,leaf-oak,1695,,,
fi-rr-leaf.svg,leaf,630,,,
fi-rr-leafy-green.svg,leafy-green,2785,,,
fi-rr-leave.svg,leave,998,,,
fi-rr-left-click-mouse.svg,left-click-mouse,317,D9 POSITION - (96),D9,POSITION -
fi-rr-left-from-bracket.svg,left-from-bracket,1095,D9 POSITION - (96),D9,POSITION -
fi-rr-left.svg,left,719,D9 POSITION - (121),D9,POSITION -
fi-rr-legal-aid.svg,legal-aid,1618,,,
fi-rr-legal-case.svg,legal-case,1213,,,
fi-rr-legal-document.svg,legal-document,1075,,,
fi-rr-legal-fees.svg,legal-fees,1570,,,
fi-rr-legal.svg,legal,967,,,
fi-rr-lemon.svg,lemon,831,,,
fi-rr-lemongrass.svg,lemongrass,1507,,,
fi-rr-lesbian-couple.svg,lesbian-couple,1889,,,
fi-rr-less-than-equal.svg,less-than-equal,547,,,
fi-rr-less-than.svg,less-than,449,,,
fi-rr-lesson-class.svg,lesson-class,729,,,
fi-rr-lesson.svg,lesson,1300,,,
fi-rr-letter-case.svg,letter-case,469,,,
fi-rr-lettuce.svg,lettuce,1517,,,
fi-rr-level-down-alt.svg,level-down-alt,339,D15 PITCH - (96),D15,PITCH -
fi-rr-level-down.svg,level-down,480,D15 PITCH - (96),D15,PITCH -
fi-rr-level-up-alt.svg,level-up-alt,335,D16 PITCH + (96),D16,PITCH +
fi-rr-level-up.svg,level-up,472,D16 PITCH + (96),D16,PITCH +
fi-rr-license.svg,license,867,,,
fi-rr-life-ring.svg,life-ring,904,,,
fi-rr-life.svg,life,1044,,,
fi-rr-lift.svg,lift,632,,,
fi-rr-light-ceiling.svg,light-ceiling,697,,,
fi-rr-light-emergency-on.svg,light-emergency-on,1249,,,
fi-rr-light-emergency.svg,light-emergency,579,,,
fi-rr-light-mode-alt.svg,light-mode-alt,1223,,,
fi-rr-light-switch-off.svg,light-switch-off,581,,,
fi-rr-light-switch-on.svg,light-switch-on,573,,,
fi-rr-light-switch.svg,light-switch,501,,,
fi-rr-lightbulb-cfl-on.svg,lightbulb-cfl-on,2771,,,
fi-rr-lightbulb-cfl.svg,lightbulb-cfl,1963,,,
fi-rr-lightbulb-dollar.svg,lightbulb-dollar,1470,,,
fi-rr-lightbulb-exclamation.svg,lightbulb-exclamation,1053,,,
fi-rr-lightbulb-head.svg,lightbulb-head,1374,,,
fi-rr-lightbulb-message.svg,lightbulb-message,1144,,,
fi-rr-lightbulb-on.svg,lightbulb-on,1689,,,
fi-rr-lightbulb-question.svg,lightbulb-question,1324,,,
fi-rr-lightbulb-setting.svg,lightbulb-setting,1509,,,
fi-rr-lightbulb-slash.svg,lightbulb-slash,976,,,
fi-rr-lighthouse.svg,lighthouse,1483,,,
fi-rr-lights-holiday.svg,lights-holiday,1964,,,
fi-rr-limit-hand.svg,limit-hand,1516,,,
fi-rr-limit-speedometer.svg,limit-speedometer,1172,,,
fi-rr-line-width.svg,line-width,461,,,
fi-rr-link-alt.svg,link-alt,1212,,,
fi-rr-link-horizontal-slash.svg,link-horizontal-slash,1368,,,
fi-rr-link-horizontal.svg,link-horizontal,837,,,
fi-rr-link-slash-alt.svg,link-slash-alt,1551,,,
fi-rr-link-slash.svg,link-slash,1388,,,
fi-rr-link.svg,link,666,,,
fi-rr-lion-head.svg,lion-head,2977,,,
fi-rr-lion.svg,lion,1747,,,
fi-rr-lips-silence.svg,lips-silence,1841,,,
fi-rr-lips.svg,lips,944,,,
fi-rr-lipstick.svg,lipstick,531,,,
fi-rr-lira-sign.svg,lira-sign,761,,,
fi-rr-list-check.svg,list-check,792,,,
fi-rr-list-dropdown.svg,list-dropdown,617,,,
fi-rr-list-music.svg,list-music,652,A11 SYNTH (96); F1 NOTE 1 (96); F10 NOTE 10 (96); F11 NOTE 11 (96); F12 NOTE 12 (96); F13 NOTE 13 (96); F14 NOTE 14 (96); F15 NOTE 15 (96); F16 NOTE 16 (96); F2 NOTE 2 (96); F3 NOTE 3 (96); F4 NOTE 4 (96); F5 NOTE 5 (96); F6 NOTE 6 (96); F7 NOTE 7 (96); F8 NOTE 8 (96); F9 NOTE 9 (96),A11,SYNTH
fi-rr-list-timeline.svg,list-timeline,1148,A14 SEQ (122),A14,SEQ
fi-rr-list-tree.svg,list-tree,688,,,
fi-rr-list.svg,list,387,,,
fi-rr-listening-audio-player.svg,listening-audio-player,1201,G2 FLANGER (96); G3 PHASER (96); G4 TREMOLO (96); G5 VIBRATO (96); G7 REVERB (96),G2,FLANGER
fi-rr-litecoin-sign.svg,litecoin-sign,467,,,
fi-rr-live-alt.svg,live-alt,1360,,,
fi-rr-live.svg,live,1209,,,
fi-rr-loading.svg,loading,1085,,,
fi-rr-loan.svg,loan,1155,,,
fi-rr-lobster.svg,lobster,1811,,,
fi-rr-location-alert.svg,location-alert,1162,,,
fi-rr-location-alt.svg,location-alt,1632,,,
fi-rr-location-arrow.svg,location-arrow,704,,,
fi-rr-location-crosshairs-slash.svg,location-crosshairs-slash,1692,,,
fi-rr-location-crosshairs.svg,location-crosshairs,654,,,
fi-rr-location-dot-slash.svg,location-dot-slash,1111,,,
fi-rr-location-exclamation.svg,location-exclamation,761,,,
fi-rr-location-lock.svg,location-lock,1239,D2 HOLD/GATE (96),D2,HOLD/GATE
fi-rr-location-pin-bike.svg,location-pin-bike,1072,,,
fi-rr-location-pin-call.svg,location-pin-call,1575,,,
fi-rr-location-pin-car-charging.svg,location-pin-car-charging,1196,,,
fi-rr-location-pin-car.svg,location-pin-car,1075,,,
fi-rr-location-pin-motorcycle.svg,location-pin-motorcycle,1002,,,
fi-rr-location-pin-parking.svg,location-pin-parking,674,,,
fi-rr-location-pin-train.svg,location-pin-train,865,,,
fi-rr-lock-ai.svg,lock-ai,1045,D2 HOLD/GATE (96),D2,HOLD/GATE
fi-rr-lock-alt.svg,lock-alt,359,D2 HOLD/GATE (96),D2,HOLD/GATE
fi-rr-lock-hashtag.svg,lock-hashtag,1123,D2 HOLD/GATE (96),D2,HOLD/GATE
fi-rr-lock-open-alt.svg,lock-open-alt,627,D2 HOLD/GATE (96),D2,HOLD/GATE
fi-rr-lock.svg,lock,437,D2 HOLD/GATE (121),D2,HOLD/GATE
fi-rr-locust.svg,locust,1255,,,
fi-rr-log-file.svg,log-file,1534,,,
fi-rr-login-lock.svg,login-lock,1159,D2 HOLD/GATE (96),D2,HOLD/GATE
fi-rr-login.svg,login,1028,,,
fi-rr-logo.svg,logo,1928,,,
fi-rr-longboard.svg,longboard,1135,,,
fi-rr-loop-square.svg,loop-square,823,E1 ENV SQUARE (96),E1,ENV SQUARE
fi-rr-loot-box.svg,loot-box,1122,,,
fi-rr-love-magnet.svg,love-magnet,1681,,,
fi-rr-loveseat.svg,loveseat,886,,,
fi-rr-low-vision.svg,low-vision,1203,,,
fi-rr-lower-back.svg,lower-back,1664,,,
fi-rr-luchador.svg,luchador,906,,,
fi-rr-lucky-cat.svg,lucky-cat,1110,,,
fi-rr-luggage-cart.svg,luggage-cart,1038,,,
fi-rr-luggage-rolling.svg,luggage-rolling,483,,,
fi-rr-lunch-box.svg,lunch-box,916,,,
fi-rr-lunch-time.svg,lunch-time,849,,,
fi-rr-lung-cancer.svg,lung-cancer,1228,,,
fi-rr-lung-ribbon.svg,lung-ribbon,1465,,,
fi-rr-lungs-virus.svg,lungs-virus,2132,,,
fi-rr-lungs.svg,lungs,1539,,,
fi-rr-m.svg,m,607,,,
fi-rr-mac-cheese.svg,mac-cheese,2057,,,
fi-rr-macarons.svg,macarons,720,,,
fi-rr-mace.svg,mace,1028,,,
fi-rr-machine-learning.svg,machine-learning,1705,,,
fi-rr-magic-wand.svg,magic-wand,1027,A13 FX (122),A13,FX
fi-rr-magnet-energy.svg,magnet-energy,1063,,,
fi-rr-magnet-user.svg,magnet-user,1469,,,
fi-rr-magnet.svg,magnet,800,,,
fi-rr-magnetism.svg,magnetism,2430,,,
fi-rr-magnifying-glass-binary.svg,magnifying-glass-binary,1135,,,
fi-rr-magnifying-glass-box.svg,magnifying-glass-box,1311,,,
fi-rr-magnifying-glass-eye.svg,magnifying-glass-eye,916,,,
fi-rr-magnifying-glass-growth.svg,magnifying-glass-growth,1590,,,
fi-rr-magnifying-glass-play.svg,magnifying-glass-play,576,H1 PLAY/STOP (96),H1,PLAY/STOP
fi-rr-magnifying-glass-wave.svg,magnifying-glass-wave,651,G2 FLANGER (96); G3 PHASER (96); G4 TREMOLO (96); G5 VIBRATO (96),G2,FLANGER
fi-rr-mail-hook.svg,mail-hook,1050,,,
fi-rr-mail-malware.svg,mail-malware,1035,,,
fi-rr-mail-plus-circle.svg,mail-plus-circle,836,D12 LENGTH + (96); D14 DENSITY + (96); H6 TEMPO + (96),D12,LENGTH +
fi-rr-mailbox-envelope.svg,mailbox-envelope,911,,,
fi-rr-mailbox-flag-up.svg,mailbox-flag-up,717,D16 PITCH + (96),D16,PITCH +
fi-rr-mailbox.svg,mailbox,638,,,
fi-rr-makeup-bag.svg,makeup-bag,1247,,,
fi-rr-makeup-brush.svg,makeup-brush,571,,,
fi-rr-malware-circle.svg,malware-circle,882,,,
fi-rr-malware-shield.svg,malware-shield,927,,,
fi-rr-malware-square.svg,malware-square,871,E1 ENV SQUARE (96),E1,ENV SQUARE
fi-rr-man-head.svg,man-head,892,,,
fi-rr-man-scientist.svg,man-scientist,1181,,,
fi-rr-manat-sign.svg,manat-sign,412,,,
fi-rr-mandolin.svg,mandolin,882,,,
fi-rr-mango.svg,mango,1366,,,
fi-rr-manhole.svg,manhole,765,,,
fi-rr-manicure.svg,manicure,1181,,,
fi-rr-mannequin.svg,mannequin,1202,,,
fi-rr-map-location-track.svg,map-location-track,2007,,,
fi-rr-map-marker-check.svg,map-marker-check,928,,,
fi-rr-map-marker-cross.svg,map-marker-cross,1460,,,
fi-rr-map-marker-edit.svg,map-marker-edit,1086,,,
fi-rr-map-marker-home.svg,map-marker-home,712,,,
fi-rr-map-marker-minus.svg,map-marker-minus,1110,D11 LENGTH - (96); D13 DENSITY - (96); H5 TEMPO - (96),D11,LENGTH -
fi-rr-map-marker-plus.svg,map-marker-plus,1317,D12 LENGTH + (96); D14 DENSITY + (96); H6 TEMPO + (96),D12,LENGTH +
fi-rr-map-marker-question.svg,map-marker-question,1189,,,
fi-rr-map-marker-slash.svg,map-marker-slash,980,,,
fi-rr-map-marker-smile.svg,map-marker-smile,1083,,,
fi-rr-map-marker.svg,map-marker,1089,,,
fi-rr-map-pin.svg,map-pin,375,,,
fi-rr-map-point.svg,map-point,1299,,,
fi-rr-map.svg,map,762,,,
fi-rr-march-calendar.svg,march-calendar,1361,,,
fi-rr-marker-hospital.svg,marker-hospital,964,,,
fi-rr-marker-time.svg,marker-time,601,,,
fi-rr-marker.svg,marker,556,,,
fi-rr-marketplace-alt.svg,marketplace-alt,957,,,
fi-rr-marketplace-store.svg,marketplace-store,1247,,,
fi-rr-marketplace.svg,marketplace,1097,,,
fi-rr-marriage-proposal.svg,marriage-proposal,1004,,,
fi-rr-mars-and-venus-burst.svg,mars-and-venus-burst,1155,,,
fi-rr-mars-double.svg,mars-double,566,,,
fi-rr-mars-stroke-right.svg,mars-stroke-right,685,D10 POSITION + (96),D10,POSITION +
fi-rr-mars-stroke-up.svg,mars-stroke-up,660,D16 PITCH + (96),D16,PITCH +
fi-rr-mars.svg,mars,927,,,
fi-rr-martini-glass-citrus.svg,martini-glass-citrus,844,,,
fi-rr-martini-glass-empty.svg,martini-glass-empty,674,,,
fi-rr-mascara.svg,mascara,1568,,,
fi-rr-mask-carnival.svg,mask-carnival,1508,,,
fi-rr-mask-face.svg,mask-face,1353,,,
fi-rr-mask-snorkel.svg,mask-snorkel,718,,,
fi-rr-mask.svg,mask,827,,,
fi-rr-massage.svg,massage,1151,,,
fi-rr-master-plan-integrate.svg,master-plan-integrate,1201,,,
fi-rr-master-plan.svg,master-plan,825,,,
fi-rr-match-fire.svg,match-fire,1489,G8 DRIVE (96),G8,DRIVE
fi-rr-matcha-latte.svg,matcha-latte,1593,,,
fi-rr-matcha.svg,matcha,1194,,,
fi-rr-mattress-pillow.svg,mattress-pillow,492,,,
fi-rr-may-calendar.svg,may-calendar,1313,,,
fi-rr-measure-box.svg,measure-box,1047,,,
fi-rr-measuring-tape.svg,measuring-tape,756,G12 TAPE STOP (96),G12,TAPE STOP
fi-rr-meat.svg,meat,1162,,,
fi-rr-medal.svg,medal,1291,,,
fi-rr-mediator.svg,mediator,1818,,,
fi-rr-medical-star.svg,medical-star,647,,,
fi-rr-medication.svg,medication,1134,,,
fi-rr-medicine.svg,medicine,579,,,
fi-rr-meditation.svg,meditation,1065,,,
fi-rr-meeting-alt.svg,meeting-alt,1498,,,
fi-rr-meeting.svg,meeting,1408,,,
fi-rr-megaphone-announcement-leader.svg,megaphone-announcement-leader,1100,,,
fi-rr-megaphone-magnifying-glass.svg,megaphone-magnifying-glass,882,,,
fi-rr-megaphone-sound-waves.svg,megaphone-sound-waves,1146,G2 FLANGER (96); G3 PHASER (96); G4 TREMOLO (96); G5 VIBRATO (96); G7 REVERB (96),G2,FLANGER
fi-rr-megaphone.svg,megaphone,777,,,
fi-rr-meh-blank.svg,meh-blank,436,,,
fi-rr-meh-rolling-eyes.svg,meh-rolling-eyes,717,,,
fi-rr-meh.svg,meh,415,,,
fi-rr-melon-alt.svg,melon-alt,1001,,,
fi-rr-melon.svg,melon,613,,,
fi-rr-member-list.svg,member-list,747,,,
fi-rr-member-search.svg,member-search,743,,,
fi-rr-membership-vip.svg,membership-vip,980,,,
fi-rr-membership.svg,membership,2736,,,
fi-rr-memo-circle-check.svg,memo-circle-check,1004,,,
fi-rr-memo-pad.svg,memo-pad,534,,,
fi-rr-memo.svg,memo,600,,,
fi-rr-memory-loss.svg,memory-loss,1706,,,
fi-rr-memory.svg,memory,914,,,
fi-rr-men-swimsuit.svg,men-swimsuit,849,,,
fi-rr-menorah.svg,menorah,2008,,,
fi-rr-menu-burger.svg,menu-burger,272,,,
fi-rr-menu-dots-vertical.svg,menu-dots-vertical,236,A10 GRANULAR (96),A10,GRANULAR
fi-rr-menu-dots.svg,menu-dots,236,A10 GRANULAR (96),A10,GRANULAR
fi-rr-menu-food.svg,menu-food,1906,,,
fi-rr-mercury.svg,mercury,705,,,
fi-rr-message-alert.svg,message-alert,989,,,
fi-rr-message-arrow-down.svg,message-arrow-down,813,D15 PITCH - (97),D15,PITCH -
fi-rr-message-arrow-up-right.svg,message-arrow-up-right,756,D16 PITCH + (97); D10 POSITION + (96),D16,PITCH +
fi-rr-message-arrow-up.svg,message-arrow-up,803,D16 PITCH + (97),D16,PITCH +
fi-rr-message-bot.svg,message-bot,871,,,
fi-rr-message-circle-refresh.svg,message-circle-refresh,634,D6 RESAMPLE (96),D6,RESAMPLE
fi-rr-message-code.svg,message-code,1060,,,
fi-rr-message-dollar.svg,message-dollar,996,,,
fi-rr-message-heart.svg,message-heart,935,,,
fi-rr-message-image.svg,message-image,861,,,
fi-rr-message-question.svg,message-question,1008,,,
fi-rr-message-quote.svg,message-quote,867,,,
fi-rr-message-slash.svg,message-slash,813,,,
fi-rr-message-sms.svg,message-sms,2013,,,
fi-rr-message-square-refresh.svg,message-square-refresh,750,D6 RESAMPLE (96); E1 ENV SQUARE (96),D6,RESAMPLE
fi-rr-message-star.svg,message-star,906,,,
fi-rr-message-text.svg,message-text,658,,,
fi-rr-message-xmark.svg,message-xmark,913,,,
fi-rr-messages-dollar.svg,messages-dollar,1269,,,
fi-rr-messages-question.svg,messages-question,1294,,,
fi-rr-messages.svg,messages,873,,,
fi-rr-meteor.svg,meteor,849,,,
fi-rr-meter-bolt.svg,meter-bolt,1020,,,
fi-rr-meter-droplet.svg,meter-droplet,1225,,,
fi-rr-meter-fire.svg,meter-fire,1370,G8 DRIVE (96),G8,DRIVE
fi-rr-meter.svg,meter,573,,,
fi-rr-method.svg,method,1787,,,
fi-rr-micro-sd-adapter.svg,micro-sd-adapter,1198,,,
fi-rr-micro-sd.svg,micro-sd,767,,,
fi-rr-microchip-ai.svg,microchip-ai,1383,,,
fi-rr-microchip.svg,microchip,1027,,,
fi-rr-microphone-alt.svg,microphone-alt,1050,A6 SOLO (96); H2 RECORD (96),A6,SOLO
fi-rr-microphone-question-mark.svg,microphone-question-mark,943,A6 SOLO (96); H2 RECORD (96),A6,SOLO
fi-rr-microphone-slash.svg,microphone-slash,1141,A6 SOLO (96); H2 RECORD (96),A6,SOLO
fi-rr-microphone.svg,microphone,553,A6 SOLO (121); H2 RECORD (121),A6,SOLO
fi-rr-microscope-bacteria.svg,microscope-bacteria,1838,,,
fi-rr-microscope.svg,microscope,659,,,
fi-rr-microwave.svg,microwave,616,,,
fi-rr-milk-alt.svg,milk-alt,735,,,
fi-rr-milk.svg,milk,740,,,
fi-rr-mill-sign.svg,mill-sign,683,,,
fi-rr-mill.svg,mill,1414,,,
fi-rr-mind-share.svg,mind-share,1641,,,
fi-rr-minus-circle.svg,minus-circle,397,D11 LENGTH - (96); D13 DENSITY - (96); H5 TEMPO - (96),D11,LENGTH -
fi-rr-minus-hexagon.svg,minus-hexagon,746,D11 LENGTH - (96); D13 DENSITY - (96); H5 TEMPO - (96),D11,LENGTH -
fi-rr-minus-small.svg,minus-small,193,D11 LENGTH - (96); D13 DENSITY - (96); H5 TEMPO - (96),D11,LENGTH -
fi-rr-minus.svg,minus,187,D11 LENGTH - (121); D13 DENSITY - (121); H5 TEMPO - (121),D11,LENGTH -
fi-rr-mirror-user.svg,mirror-user,1050,,,
fi-rr-mirror.svg,mirror,1048,,,
fi-rr-miso-soup.svg,miso-soup,988,,,
fi-rr-mission.svg,mission,1303,,,
fi-rr-mistletoe.svg,mistletoe,959,,,
fi-rr-mix.svg,mix,1948,A15 MIX (121),A15,MIX
fi-rr-mixer.svg,mixer,1103,A15 MIX (121),A15,MIX
fi-rr-mobile-4g.svg,mobile-4g,1136,,,
fi-rr-mobile-5g.svg,mobile-5g,1200,,,
fi-rr-mobile-app-cleaner.svg,mobile-app-cleaner,1897,,,
fi-rr-mobile-button.svg,mobile-button,458,,,
fi-rr-mobile-friendly.svg,mobile-friendly,957,,,
fi-rr-mobile-hand.svg,mobile-hand,1102,,,
fi-rr-mobile-lock.svg,mobile-lock,770,D2 HOLD/GATE (96),D2,HOLD/GATE
fi-rr-mobile-message.svg,mobile-message,1221,,,
fi-rr-mobile-notch.svg,mobile-notch,626,,,
fi-rr-mobile.svg,mobile,510,,,
fi-rr-mochi.svg,mochi,1091,,,
fi-rr-mockup.svg,mockup,1422,,,
fi-rr-mode-alt.svg,mode-alt,438,,,
fi-rr-mode-landscape.svg,mode-landscape,819,H10 SCENE 2 (96); H11 SCENE 3 (96); H12 SCENE 4 (96); H13 SCENE 5 (96); H14 SCENE 6 (96); H15 SCENE 7 (96); H16 SCENE 8 (96); H9 SCENE 1 (96),H10,SCENE 2
fi-rr-mode-portrait.svg,mode-portrait,762,,,
fi-rr-mode.svg,mode,439,,,
fi-rr-model-cube-arrows.svg,model-cube-arrows,1189,,,
fi-rr-model-cube-space.svg,model-cube-space,1301,E10 SPACE - (96); E11 SPACE + (96),E10,SPACE -
fi-rr-model-cube.svg,model-cube,1312,,,
fi-rr-modular-home.svg,modular-home,887,,,
fi-rr-module.svg,module,1483,,,
fi-rr-monday.svg,monday,1261,,,
fi-rr-money-bill-lock.svg,money-bill-lock,1146,D2 HOLD/GATE (96),D2,HOLD/GATE
fi-rr-money-bill-simple.svg,money-bill-simple,460,,,
fi-rr-money-bill-transfer.svg,money-bill-transfer,1071,,,
fi-rr-money-bill-wave-alt.svg,money-bill-wave-alt,1496,G2 FLANGER (96); G3 PHASER (96); G4 TREMOLO (96); G5 VIBRATO (96),G2,FLANGER
fi-rr-money-bill-wave.svg,money-bill-wave,1453,G2 FLANGER (96); G3 PHASER (96); G4 TREMOLO (96); G5 VIBRATO (96),G2,FLANGER
fi-rr-money-bills-simple.svg,money-bills-simple,561,,,
fi-rr-money-bills.svg,money-bills,869,,,
fi-rr-money-check-edit-alt.svg,money-check-edit-alt,1215,,,
fi-rr-money-check-edit.svg,money-check-edit,1468,,,
fi-rr-money-check.svg,money-check,640,,,
fi-rr-money-coin-transfer.svg,money-coin-transfer,1705,,,
fi-rr-money-from-bracket.svg,money-from-bracket,766,,,
fi-rr-money-gears.svg,money-gears,2501,,,
fi-rr-money-income.svg,money-income,1648,,,
fi-rr-money-laptop.svg,money-laptop,1148,,,
fi-rr-money-magnet.svg,money-magnet,1739,,,
fi-rr-money-safe-box.svg,money-safe-box,1508,,,
fi-rr-money-simple-from-bracket.svg,money-simple-from-bracket,607,,,
fi-rr-money-transfer-alt.svg,money-transfer-alt,1264,,,
fi-rr-money-transfer-coin-arrow.svg,money-transfer-coin-arrow,1913,,,
fi-rr-money-transfer-smartphone.svg,money-transfer-smartphone,1881,,,
fi-rr-money-wings.svg,money-wings,2170,,,
fi-rr-money.svg,money,529,,,
fi-rr-monitor-sun.svg,monitor-sun,1125,,,
fi-rr-monitor-water.svg,monitor-water,770,,,
fi-rr-monkey.svg,monkey,970,,,
fi-rr-monstera.svg,monstera,3082,,,
fi-rr-monument.svg,monument,693,,,
fi-rr-moon-stars.svg,moon-stars,926,A13 FX (96),A13,FX
fi-rr-moon.svg,moon,676,,,
fi-rr-moped.svg,moped,999,,,
fi-rr-mortar-pestle.svg,mortar-pestle,1064,,,
fi-rr-mortgage.svg,mortgage,926,,,
fi-rr-mosque-alt.svg,mosque-alt,951,,,
fi-rr-mosque-moon.svg,mosque-moon,958,,,
fi-rr-mosque.svg,mosque,1199,,,
fi-rr-mosquito-net.svg,mosquito-net,1761,,,
fi-rr-mosquito.svg,mosquito,2073,,,
fi-rr-motion-graphic.svg,motion-graphic,1023,,,
fi-rr-motorcycle-front.svg,motorcycle-front,1116,,,
fi-rr-motorcycle-helmet.svg,motorcycle-helmet,990,,,
fi-rr-motorcycle.svg,motorcycle,1003,,,
fi-rr-mound.svg,mound,630,,,
fi-rr-mountain-city.svg,mountain-city,1526,,,
fi-rr-mountain-peak.svg,mountain-peak,1315,,,
fi-rr-mountain.svg,mountain,918,,,
fi-rr-mountains.svg,mountains,845,,,
fi-rr-mouse-field.svg,mouse-field,1127,,,
fi-rr-mouse-pointer-click.svg,mouse-pointer-click,1160,,,
fi-rr-mouse-pointer-heart.svg,mouse-pointer-heart,1336,,,
fi-rr-mouse-scroll.svg,mouse-scroll,885,,,
fi-rr-mouse.svg,mouse,380,,,
fi-rr-moustache.svg,moustache,1003,,,
fi-rr-mov-file.svg,mov-file,1372,,,
fi-rr-move-to-folder-2.svg,move-to-folder-2,776,E15 BANK - (96); E16 BANK + (96),E15,BANK -
fi-rr-move-to-folder.svg,move-to-folder,759,E15 BANK - (96); E16 BANK + (96),E15,BANK -
fi-rr-moving.svg,moving,1500,,,
fi-rr-mower.svg,mower,1468,,,
fi-rr-mp3-file.svg,mp3-file,1517,,,
fi-rr-mp3-player.svg,mp3-player,691,,,
fi-rr-mp4-file.svg,mp4-file,1404,,,
fi-rr-muffin.svg,muffin,1088,,,
fi-rr-mug-alt.svg,mug-alt,600,,,
fi-rr-mug-hot-alt.svg,mug-hot-alt,778,,,
fi-rr-mug-hot.svg,mug-hot,563,,,
fi-rr-mug-marshmallows.svg,mug-marshmallows,1053,,,
fi-rr-mug-tea-alt.svg,mug-tea-alt,1109,,,
fi-rr-mug-tea-saucer.svg,mug-tea-saucer,872,,,
fi-rr-mug-tea.svg,mug-tea,1119,,,
fi-rr-mug.svg,mug,443,,,
fi-rr-mulled-wine.svg,mulled-wine,1935,,,
fi-rr-multi-player.svg,multi-player,1970,,,
fi-rr-multiple-alt.svg,multiple-alt,741,,,
fi-rr-multiple.svg,multiple,713,,,
fi-rr-multitasking.svg,multitasking,963,,,
fi-rr-muscle.svg,muscle,1401,,,
fi-rr-museum.svg,museum,724,,,
fi-rr-mushroom-alt.svg,mushroom-alt,1131,,,
fi-rr-mushroom-cloud.svg,mushroom-cloud,2037,,,
fi-rr-mushroom.svg,mushroom,605,,,
fi-rr-music-alt.svg,music-alt,625,A11 SYNTH (96); F1 NOTE 1 (96); F10 NOTE 10 (96); F11 NOTE 11 (96); F12 NOTE 12 (96); F13 NOTE 13 (96); F14 NOTE 14 (96); F15 NOTE 15 (96); F16 NOTE 16 (96); F2 NOTE 2 (96); F3 NOTE 3 (96); F4 NOTE 4 (96); F5 NOTE 5 (96); F6 NOTE 6 (96); F7 NOTE 7 (96); F8 NOTE 8 (96); F9 NOTE 9 (96),A11,SYNTH
fi-rr-music-file.svg,music-file,668,A11 SYNTH (96); F1 NOTE 1 (96); F10 NOTE 10 (96); F11 NOTE 11 (96); F12 NOTE 12 (96); F13 NOTE 13 (96); F14 NOTE 14 (96); F15 NOTE 15 (96); F16 NOTE 16 (96); F2 NOTE 2 (96); F3 NOTE 3 (96); F4 NOTE 4 (96); F5 NOTE 5 (96); F6 NOTE 6 (96); F7 NOTE 7 (96); F8 NOTE 8 (96); F9 NOTE 9 (96),A11,SYNTH
fi-rr-music-magnifying-glass.svg,music-magnifying-glass,926,A11 SYNTH (96); F1 NOTE 1 (96); F10 NOTE 10 (96); F11 NOTE 11 (96); F12 NOTE 12 (96); F13 NOTE 13 (96); F14 NOTE 14 (96); F15 NOTE 15 (96); F16 NOTE 16 (96); F2 NOTE 2 (96); F3 NOTE 3 (96); F4 NOTE 4 (96); F5 NOTE 5 (96); F6 NOTE 6 (96); F7 NOTE 7 (96); F8 NOTE 8 (96); F9 NOTE 9 (96),A11,SYNTH
fi-rr-music-note-slash.svg,music-note-slash,754,F1 NOTE 1 (97); F10 NOTE 10 (97); F11 NOTE 11 (97); F12 NOTE 12 (97); F13 NOTE 13 (97); F14 NOTE 14 (97); F15 NOTE 15 (97); F16 NOTE 16 (97); F2 NOTE 2 (97); F3 NOTE 3 (97); F4 NOTE 4 (97); F5 NOTE 5 (97); F6 NOTE 6 (97); F7 NOTE 7 (97); F8 NOTE 8 (97); F9 NOTE 9 (97); A11 SYNTH (96),F1,NOTE 1
fi-rr-music-note.svg,music-note,444,F1 NOTE 1 (122); F10 NOTE 10 (122); F11 NOTE 11 (122); F12 NOTE 12 (122); F13 NOTE 13 (122); F14 NOTE 14 (122); F15 NOTE 15 (122); F16 NOTE 16 (122); F2 NOTE 2 (122); F3 NOTE 3 (122); F4 NOTE 4 (122); F5 NOTE 5 (122); F6 NOTE 6 (122); F7 NOTE 7 (122); F8 NOTE 8 (122); F9 NOTE 9 (122); A11 SYNTH (96),F1,NOTE 1
fi-rr-music-slash.svg,music-slash,830,A11 SYNTH (96); F1 NOTE 1 (96); F10 NOTE 10 (96); F11 NOTE 11 (96); F12 NOTE 12 (96); F13 NOTE 13 (96); F14 NOTE 14 (96); F15 NOTE 15 (96); F16 NOTE 16 (96); F2 NOTE 2 (96); F3 NOTE 3 (96); F4 NOTE 4 (96); F5 NOTE 5 (96); F6 NOTE 6 (96); F7 NOTE 7 (96); F8 NOTE 8 (96); F9 NOTE 9 (96),A11,SYNTH
fi-rr-music.svg,music,402,A11 SYNTH (121); F1 NOTE 1 (121); F10 NOTE 10 (121); F11 NOTE 11 (121); F12 NOTE 12 (121); F13 NOTE 13 (121); F14 NOTE 14 (121); F15 NOTE 15 (121); F16 NOTE 16 (121); F2 NOTE 2 (121); F3 NOTE 3 (121); F4 NOTE 4 (121); F5 NOTE 5 (121); F6 NOTE 6 (121); F7 NOTE 7 (121); F8 NOTE 8 (121); F9 NOTE 9 (121),A11,SYNTH
fi-rr-mystery-box.svg,mystery-box,1705,,,
fi-rr-n.svg,n,573,,,
fi-rr-naan-bread.svg,naan-bread,1896,,,
fi-rr-nail-art.svg,nail-art,1104,,,
fi-rr-nail-clipper.svg,nail-clipper,903,,,
fi-rr-naira-sign.svg,naira-sign,611,,,
fi-rr-narwhal.svg,narwhal,1075,,,
fi-rr-navigation.svg,navigation,687,,,
fi-rr-needle.svg,needle,1128,,,
fi-rr-nesting-dolls.svg,nesting-dolls,1690,,,
fi-rr-network-analytic.svg,network-analytic,1567,,,
fi-rr-network-cloud-computer.svg,network-cloud-computer,1436,,,
fi-rr-network-cloud.svg,network-cloud,1982,,,
fi-rr-network-firewall.svg,network-firewall,1177,,,
fi-rr-network-user.svg,network-user,1454,,,
fi-rr-network.svg,network,694,,,
fi-rr-neuter.svg,neuter,355,,,
fi-rr-newsletter-subscribe.svg,newsletter-subscribe,942,,,
fi-rr-newspaper-open.svg,newspaper-open,2209,,,
fi-rr-newspaper.svg,newspaper,889,,,
fi-rr-nfc-lock.svg,nfc-lock,1072,D2 HOLD/GATE (96),D2,HOLD/GATE
fi-rr-nfc-magnifying-glass.svg,nfc-magnifying-glass,997,,,
fi-rr-nfc-pen.svg,nfc-pen,1100,,,
fi-rr-nfc-slash.svg,nfc-slash,907,,,
fi-rr-nfc-trash.svg,nfc-trash,936,,,
fi-rr-nfc.svg,nfc,703,,,
fi-rr-nft-square.svg,nft-square,1352,E1 ENV SQUARE (96),E1,ENV SQUARE
fi-rr-night-day.svg,night-day,1494,,,
fi-rr-night-mode.svg,night-mode,1687,,,
fi-rr-no-attention.svg,no-attention,1380,,,
fi-rr-no-baby.svg,no-baby,747,,,
fi-rr-no-ball.svg,no-ball,1084,,,
fi-rr-no-child.svg,no-child,963,,,
fi-rr-no-children.svg,no-children,912,,,
fi-rr-no-fee.svg,no-fee,2211,,,
fi-rr-no-food-circle.svg,no-food-circle,1020,,,
fi-rr-no-food.svg,no-food,1217,,,
fi-rr-no-iron.svg,no-iron,837,,,
fi-rr-no-pacifier.svg,no-pacifier,1181,,,
fi-rr-no-people.svg,no-people,353,,,
fi-rr-no-play-football.svg,no-play-football,888,H1 PLAY/STOP (96),H1,PLAY/STOP
fi-rr-no-smoking.svg,no-smoking,1152,,,
fi-rr-no-vaping-circle.svg,no-vaping-circle,667,,,
fi-rr-no-vaping.svg,no-vaping,744,,,
fi-rr-noise-cancelling-headphones.svg,noise-cancelling-headphones,1093,A6 SOLO (96),A6,SOLO
fi-rr-noodles.svg,noodles,1234,,,
fi-rr-nose.svg,nose,1082,,,
fi-rr-not-equal.svg,not-equal,540,,,
fi-rr-not-found-alt.svg,not-found-alt,850,,,
fi-rr-not-found-magnifying-glass.svg,not-found-magnifying-glass,1394,,,
fi-rr-not-found.svg,not-found,1412,,,
fi-rr-notary.svg,notary,897,,,
fi-rr-notdef.svg,notdef,589,,,
fi-rr-note-medical.svg,note-medical,762,F1 NOTE 1 (96); F10 NOTE 10 (96); F11 NOTE 11 (96); F12 NOTE 12 (96); F13 NOTE 13 (96); F14 NOTE 14 (96); F15 NOTE 15 (96); F16 NOTE 16 (96); F2 NOTE 2 (96); F3 NOTE 3 (96); F4 NOTE 4 (96); F5 NOTE 5 (96); F6 NOTE 6 (96); F7 NOTE 7 (96); F8 NOTE 8 (96); F9 NOTE 9 (96),F1,NOTE 1
fi-rr-note-sticky.svg,note-sticky,504,F1 NOTE 1 (96); F10 NOTE 10 (96); F11 NOTE 11 (96); F12 NOTE 12 (96); F13 NOTE 13 (96); F14 NOTE 14 (96); F15 NOTE 15 (96); F16 NOTE 16 (96); F2 NOTE 2 (96); F3 NOTE 3 (96); F4 NOTE 4 (96); F5 NOTE 5 (96); F6 NOTE 6 (96); F7 NOTE 7 (96); F8 NOTE 8 (96); F9 NOTE 9 (96),F1,NOTE 1
fi-rr-note.svg,note,796,F1 NOTE 1 (121); F10 NOTE 10 (121); F11 NOTE 11 (121); F12 NOTE 12 (121); F13 NOTE 13 (121); F14 NOTE 14 (121); F15 NOTE 15 (121); F16 NOTE 16 (121); F2 NOTE 2 (121); F3 NOTE 3 (121); F4 NOTE 4 (121); F5 NOTE 5 (121); F6 NOTE 6 (121); F7 NOTE 7 (121); F8 NOTE 8 (121); F9 NOTE 9 (121),F1,NOTE 1
fi-rr-notebook-alt.svg,notebook-alt,547,,,
fi-rr-notebook-location.svg,notebook-location,901,,,
fi-rr-notebook.svg,notebook,643,,,
fi-rr-notes-medical.svg,notes-medical,702,,,
fi-rr-notes.svg,notes,679,,,
fi-rr-november-calendar.svg,november-calendar,1088,,,
fi-rr-o.svg,o,351,,,
fi-rr-obj-file.svg,obj-file,1347,,,
fi-rr-object-exclude.svg,object-exclude,848,,,
fi-rr-object-group.svg,object-group,1269,,,
fi-rr-object-intersect.svg,object-intersect,1576,,,
fi-rr-object-subtract.svg,object-subtract,1378,,,
fi-rr-object-ungroup.svg,object-ungroup,982,,,
fi-rr-object-union.svg,object-union,477,,,
fi-rr-objects-column.svg,objects-column,690,,,
fi-rr-octagon-check.svg,octagon-check,1106,,,
fi-rr-octagon-divide.svg,octagon-divide,1101,,,
fi-rr-octagon-exclamation.svg,octagon-exclamation,1009,,,
fi-rr-octagon-minus.svg,octagon-minus,939,D11 LENGTH - (96); D13 DENSITY - (96); H5 TEMPO - (96),D11,LENGTH -
fi-rr-octagon-plus.svg,octagon-plus,1012,D12 LENGTH + (96); D14 DENSITY + (96); H6 TEMPO + (96),D12,LENGTH +
fi-rr-octagon-xmark.svg,octagon-xmark,1219,,,
fi-rr-octagon.svg,octagon,720,,,
fi-rr-october-calendar.svg,october-calendar,1108,,,
fi-rr-octopus.svg,octopus,1103,,,
fi-rr-office-chair.svg,office-chair,1178,,,
fi-rr-office-paperclip.svg,office-paperclip,798,,,
fi-rr-oil-can.svg,oil-can,792,,,
fi-rr-oil-price.svg,oil-price,1223,,,
fi-rr-oil-tank.svg,oil-tank,1118,,,
fi-rr-oil-temp.svg,oil-temp,874,,,
fi-rr-old-people.svg,old-people,931,,,
fi-rr-olive-branch-dove.svg,olive-branch-dove,1624,,,
fi-rr-olive-oil.svg,olive-oil,724,,,
fi-rr-olive.svg,olive,762,,,
fi-rr-olives.svg,olives,1057,,,
fi-rr-om.svg,om,1311,,,
fi-rr-omega.svg,omega,659,,,
fi-rr-on-air-square.svg,on-air-square,1635,E1 ENV SQUARE (96),E1,ENV SQUARE
fi-rr-onboarding.svg,onboarding,1103,,,
fi-rr-onigiri.svg,onigiri,697,,,
fi-rr-onion.svg,onion,1009,,,
fi-rr-online-course.svg,online-course,951,,,
fi-rr-online-game.svg,online-game,1435,,,
fi-rr-online-interview.svg,online-interview,1448,,,
fi-rr-online-meet.svg,online-meet,953,,,
fi-rr-online-tax.svg,online-tax,1035,,,
fi-rr-opacity.svg,opacity,811,,,
fi-rr-open-book-apple.svg,open-book-apple,1443,,,
fi-rr-open-book-lightbulb.svg,open-book-lightbulb,1349,,,
fi-rr-open-box-check.svg,open-box-check,1655,,,
fi-rr-open-box-speedometer.svg,open-box-speedometer,1719,,,
fi-rr-open-box-timer.svg,open-box-timer,1550,G6 DELAY (96),G6,DELAY
fi-rr-open-mail-clip.svg,open-mail-clip,912,,,
fi-rr-open-notebook.svg,open-notebook,960,,,
fi-rr-open.svg,open,1354,,,
fi-rr-operating-system-upgrade.svg,operating-system-upgrade,1237,A16 SYSTEM (96),A16,SYSTEM
fi-rr-operation.svg,operation,1471,,,
fi-rr-optimization.svg,optimization,1564,,,
fi-rr-orange-juice.svg,orange-juice,1204,,,
fi-rr-order-food-mobile.svg,order-food-mobile,839,,,
fi-rr-order-food-online.svg,order-food-online,1146,,,
fi-rr-order-food-telephone.svg,order-food-telephone,1341,,,
fi-rr-order-history.svg,order-history,902,,,
fi-rr-organization-chart.svg,organization-chart,1601,E2 ENV TRAPEZOID (96); E3 ENV HANN (96); E4 ENV GAUSSIAN (96),E2,ENV TRAPEZOID
fi-rr-ornament.svg,ornament,974,,,
fi-rr-otp.svg,otp,1610,,,
fi-rr-otter.svg,otter,1866,,,
fi-rr-outdent.svg,outdent,602,,,
fi-rr-oval-alt.svg,oval-alt,291,,,
fi-rr-oval.svg,oval,291,,,
fi-rr-oven.svg,oven,722,,,
fi-rr-overline.svg,overline,422,,,
fi-rr-overview.svg,overview,1134,,,
fi-rr-ozone-layer.svg,ozone-layer,1054,A1 LAYER 1 (96); A2 LAYER 2 (96); A3 LAYER 3 (96); A4 LAYER 4 (96),A1,LAYER 1
fi-rr-p.svg,p,341,,,
fi-rr-p2p-lending.svg,p2p-lending,1658,,,
fi-rr-pacifier.svg,pacifier,1004,,,
fi-rr-package.svg,package,430,,,
fi-rr-paddle-tennis-player.svg,paddle-tennis-player,1029,,,
fi-rr-paddle-tennis-racket.svg,paddle-tennis-racket,1041,,,
fi-rr-padlock-check.svg,padlock-check,960,,,
fi-rr-page-break.svg,page-break,950,,,
fi-rr-pager.svg,pager,692,,,
fi-rr-paid.svg,paid,1299,,,
fi-rr-paint-brush.svg,paint-brush,704,,,
fi-rr-paint-bucket.svg,paint-bucket,699,,,
fi-rr-paint-roller.svg,paint-roller,659,,,
fi-rr-paintbrush-pencil.svg,paintbrush-pencil,1523,,,
fi-rr-paired.svg,paired,1705,,,
fi-rr-pairing.svg,pairing,1814,,,
fi-rr-palette.svg,palette,885,,,
fi-rr-pallet-alt.svg,pallet-alt,719,,,
fi-rr-pallet.svg,pallet,352,,,
fi-rr-pan-food.svg,pan-food,1342,,,
fi-rr-pan-frying.svg,pan-frying,1028,,,
fi-rr-pan.svg,pan,600,,,
fi-rr-pancakes.svg,pancakes,1716,,,
fi-rr-panorama.svg,panorama,1078,,,
fi-rr-paper-plane-launch.svg,paper-plane-launch,1095,,,
fi-rr-paper-plane-top.svg,paper-plane-top,764,,,
fi-rr-paper-plane.svg,paper-plane,778,,,
fi-rr-paperclip-vertical.svg,paperclip-vertical,429,,,
fi-rr-parachute-box.svg,parachute-box,1373,,,
fi-rr-paragraph-left.svg,paragraph-left,646,D9 POSITION - (96),D9,POSITION -
fi-rr-paragraph.svg,paragraph,395,,,
fi-rr-parking-circle-slash.svg,parking-circle-slash,742,,,
fi-rr-parking-circle.svg,parking-circle,521,,,
fi-rr-parking-slash.svg,parking-slash,763,,,
fi-rr-parking.svg,parking,572,,,
fi-rr-party-bell.svg,party-bell,1902,C13 COWBELL (96); E4 ENV GAUSSIAN (96),C13,COWBELL
fi-rr-party-horn.svg,party-horn,1766,,,
fi-rr-passenger-plane.svg,passenger-plane,1937,,,
fi-rr-passive-income.svg,passive-income,1978,,,
fi-rr-passport.svg,passport,1046,,,
fi-rr-password-alt.svg,password-alt,1717,,,
fi-rr-password-computer.svg,password-computer,1450,,,
fi-rr-password-email.svg,password-email,1835,,,
fi-rr-password-lock.svg,password-lock,1337,D2 HOLD/GATE (96),D2,HOLD/GATE
fi-rr-password-magnifying-glass.svg,password-magnifying-glass,1034,,,
fi-rr-password-protection.svg,password-protection,1232,,,
fi-rr-password-smartphone.svg,password-smartphone,1586,,,
fi-rr-password.svg,password,894,,,
fi-rr-paste.svg,paste,879,A8 PASTE (121),A8,PASTE
fi-rr-patch.svg,patch,1150,,,
fi-rr-patient-file.svg,patient-file,770,,,
fi-rr-patient.svg,patient,762,,,
fi-rr-pattern.svg,pattern,754,H7 PATTERN - (121); H8 PATTERN + (121),H7,PATTERN -
fi-rr-pause-circle.svg,pause-circle,458,D2 HOLD/GATE (96),D2,HOLD/GATE
fi-rr-pause-square.svg,pause-square,487,D2 HOLD/GATE (96); E1 ENV SQUARE (96),D2,HOLD/GATE
fi-rr-pause.svg,pause,412,D2 HOLD/GATE (121),D2,HOLD/GATE
fi-rr-paw-claws.svg,paw-claws,2753,,,
fi-rr-paw-heart.svg,paw-heart,1272,,,
fi-rr-paw.svg,paw,1811,,,
fi-rr-pay-per-click.svg,pay-per-click,1534,,,
fi-rr-payment-authentication.svg,payment-authentication,1593,,,
fi-rr-payment-gateway.svg,payment-gateway,2094,,,
fi-rr-payment-pos.svg,payment-pos,1684,,,
fi-rr-payment-qrcode.svg,payment-qrcode,1626,,,
fi-rr-payment-security.svg,payment-security,1197,,,
fi-rr-payroll-calendar.svg,payroll-calendar,1022,,,
fi-rr-payroll-check.svg,payroll-check,1123,,,
fi-rr-payroll.svg,payroll,1142,,,
fi-rr-pc-chair.svg,pc-chair,616,,,
fi-rr-peace.svg,peace,552,,,
fi-rr-peach.svg,peach,729,,,
fi-rr-peanut.svg,peanut,1160,,,
fi-rr-peanuts.svg,peanuts,1622,,,
fi-rr-peapod.svg,peapod,989,,,
fi-rr-pear.svg,pear,1226,,,
fi-rr-pedestal.svg,pedestal,492,,,
fi-rr-pelvis.svg,pelvis,2203,,,
fi-rr-pen-circle.svg,pen-circle,694,,,
fi-rr-pen-clip-slash.svg,pen-clip-slash,1273,,,
fi-rr-pen-clip.svg,pen-clip,873,,,
fi-rr-pen-fancy-slash.svg,pen-fancy-slash,1075,,,
fi-rr-pen-fancy.svg,pen-fancy,858,,,
fi-rr-pen-field.svg,pen-field,1006,,,
fi-rr-pen-nib-slash.svg,pen-nib-slash,922,,,
fi-rr-pen-nib.svg,pen-nib,812,,,
fi-rr-pen-slash.svg,pen-slash,904,,,
fi-rr-pen-square.svg,pen-square,778,E1 ENV SQUARE (96),E1,ENV SQUARE
fi-rr-pen-swirl.svg,pen-swirl,1041,,,
fi-rr-pencil-lightbulb.svg,pencil-lightbulb,988,,,
fi-rr-pencil-paintbrush.svg,pencil-paintbrush,1325,,,
fi-rr-pencil-ruler.svg,pencil-ruler,1506,,,
fi-rr-pencil-slash.svg,pencil-slash,842,,,
fi-rr-pencil.svg,pencil,509,,,
fi-rr-pending.svg,pending,1280,,,
fi-rr-pendulum.svg,pendulum,744,,,
fi-rr-pennant.svg,pennant,369,,,
fi-rr-people-arrows-left-right.svg,people-arrows-left-right,1110,D10 POSITION + (96); D9 POSITION - (96),D10,POSITION +
fi-rr-people-carry-box.svg,people-carry-box,1731,,,
fi-rr-people-dress.svg,people-dress,1201,,,
fi-rr-people-group.svg,people-group,1284,,,
fi-rr-people-line.svg,people-line,989,,,
fi-rr-people-network-partner.svg,people-network-partner,1061,,,
fi-rr-people-pants.svg,people-pants,832,,,
fi-rr-people-poll.svg,people-poll,1334,,,
fi-rr-people-pulling.svg,people-pulling,1811,,,
fi-rr-people-robbery.svg,people-robbery,1088,,,
fi-rr-people-roof.svg,people-roof,1168,,,
fi-rr-people.svg,people,1020,,,
fi-rr-pepper-alt.svg,pepper-alt,1177,,,
fi-rr-pepper-hot.svg,pepper-hot,1093,,,
fi-rr-pepper.svg,pepper,841,,,
fi-rr-peppermint-tea.svg,peppermint-tea,1234,,,
fi-rr-peppermint.svg,peppermint,1889,,,
fi-rr-percent-10.svg,percent-10,1210,,,
fi-rr-percent-100.svg,percent-100,1586,,,
fi-rr-percent-20.svg,percent-20,1341,,,
fi-rr-percent-25.svg,percent-25,1393,,,
fi-rr-percent-30.svg,percent-30,1370,,,
fi-rr-percent-40.svg,percent-40,1210,,,
fi-rr-percent-50.svg,percent-50,1274,,,
fi-rr-percent-60.svg,percent-60,1283,,,
fi-rr-percent-70.svg,percent-70,1237,,,
fi-rr-percent-75.svg,percent-75,1284,,,
fi-rr-percent-80.svg,percent-80,1428,,,
fi-rr-percent-90.svg,percent-90,1278,,,
fi-rr-percentage.svg,percentage,586,,,
fi-rr-perfume.svg,perfume,1067,,,
fi-rr-person-arrow-down-to-line.svg,person-arrow-down-to-line,777,D15 PITCH - (97),D15,PITCH -
fi-rr-person-arrow-up-from-line.svg,person-arrow-up-from-line,810,D16 PITCH + (97),D16,PITCH +
fi-rr-person-back-pain.svg,person-back-pain,1441,,,
fi-rr-person-battery.svg,person-battery,1014,,,
fi-rr-person-booth.svg,person-booth,1199,,,
fi-rr-person-breastfeeding.svg,person-breastfeeding,779,,,
fi-rr-person-burst.svg,person-burst,1418,,,
fi-rr-person-carry-box.svg,person-carry-box,914,,,
fi-rr-person-chalkboard.svg,person-chalkboard,678,,,
fi-rr-person-circle-check.svg,person-circle-check,925,,,
fi-rr-person-circle-exclamation.svg,person-circle-exclamation,814,,,
fi-rr-person-circle-minus.svg,person-circle-minus,732,D11 LENGTH - (96); D13 DENSITY - (96); H5 TEMPO - (96),D11,LENGTH -
fi-rr-person-circle-plus.svg,person-circle-plus,819,D12 LENGTH + (96); D14 DENSITY + (96); H6 TEMPO + (96),D12,LENGTH +
fi-rr-person-circle-question.svg,person-circle-question,1064,,,
fi-rr-person-circle-xmark.svg,person-circle-xmark,1020,,,
fi-rr-person-climbing.svg,person-climbing,1147,,,
fi-rr-person-cv.svg,person-cv,1136,,,
fi-rr-person-dolly-empty.svg,person-dolly-empty,1039,,,
fi-rr-person-dolly.svg,person-dolly,1533,,,
fi-rr-person-dots-from-line.svg,person-dots-from-line,941,A10 GRANULAR (96),A10,GRANULAR
fi-rr-person-dragging-bag.svg,person-dragging-bag,1732,,,
fi-rr-person-dress-burst.svg,person-dress-burst,1378,,,
fi-rr-person-dress-simple.svg,person-dress-simple,779,,,
fi-rr-person-dress.svg,person-dress,1080,,,
fi-rr-person-drowning.svg,person-drowning,2196,,,
fi-rr-person-falling.svg,person-falling,869,,,
fi-rr-person-harassing.svg,person-harassing,1379,,,
fi-rr-person-luggage.svg,person-luggage,1651,,,
fi-rr-person-lunge.svg,person-lunge,812,,,
fi-rr-person-military-pointing.svg,person-military-pointing,801,,,
fi-rr-person-military-rifle.svg,person-military-rifle,1084,,,
fi-rr-person-military-to-person.svg,person-military-to-person,1453,,,
fi-rr-person-pilates.svg,person-pilates,870,,,
fi-rr-person-praying.svg,person-praying,931,,,
fi-rr-person-pregnant.svg,person-pregnant,951,,,
fi-rr-person-presenting.svg,person-presenting,736,,,
fi-rr-person-rays.svg,person-rays,1082,,,
fi-rr-person-rifle.svg,person-rifle,938,,,
fi-rr-person-seat-reclined.svg,person-seat-reclined,846,,,
fi-rr-person-seat.svg,person-seat,676,,,
fi-rr-person-shelter.svg,person-shelter,856,,,
fi-rr-person-sign.svg,person-sign,679,,,
fi-rr-person-simple.svg,person-simple,546,,,
fi-rr-person-stress.svg,person-stress,1140,,,
fi-rr-person-surfing.svg,person-surfing,1756,,,
fi-rr-person-through-window.svg,person-through-window,1064,E3 ENV HANN (96),E3,ENV HANN
fi-rr-person-to-door.svg,person-to-door,1202,,,
fi-rr-person-walking-arrow-loop-left.svg,person-walking-arrow-loop-left,1598,D9 POSITION - (96),D9,POSITION -
fi-rr-person-walking-arrow-right.svg,person-walking-arrow-right,1538,D10 POSITION + (97); H8 PATTERN + (97),D10,POSITION +
fi-rr-person-walking-from-line-arrow-right.svg,person-walking-from-line-arrow-right,1837,D10 POSITION + (97); H8 PATTERN + (97),D10,POSITION +
fi-rr-person-walking-with-cane.svg,person-walking-with-cane,1020,,,
fi-rr-personal-finance.svg,personal-finance,1673,,,
fi-rr-peseta-sign.svg,peseta-sign,451,,,
fi-rr-peso-sign.svg,peso-sign,609,,,
fi-rr-pets.svg,pets,1380,,,
fi-rr-pharmacy-symbol.svg,pharmacy-symbol,1527,,,
fi-rr-pharmacy.svg,pharmacy,374,,,
fi-rr-phishing.svg,phishing,1042,,,
fi-rr-phone-24h.svg,phone-24h,1627,,,
fi-rr-phone-addiction.svg,phone-addiction,1492,,,
fi-rr-phone-call.svg,phone-call,977,,,
fi-rr-phone-cross.svg,phone-cross,991,,,
fi-rr-phone-flip.svg,phone-flip,895,,,
fi-rr-phone-guide.svg,phone-guide,771,,,
fi-rr-phone-heart-message.svg,phone-heart-message,920,,,
fi-rr-phone-intercom.svg,phone-intercom,856,,,
fi-rr-phone-megaphone.svg,phone-megaphone,984,,,
fi-rr-phone-office.svg,phone-office,1103,,,
fi-rr-phone-pause.svg,phone-pause,924,D2 HOLD/GATE (96),D2,HOLD/GATE
fi-rr-phone-plus.svg,phone-plus,1190,D12 LENGTH + (96); D14 DENSITY + (96); H6 TEMPO + (96),D12,LENGTH +
fi-rr-phone-rotary.svg,phone-rotary,1161,,,
fi-rr-phone-slash.svg,phone-slash,1115,,,
fi-rr-photo-capture.svg,photo-capture,749,D5 CAPTURE (96),D5,CAPTURE
fi-rr-photo-film-music.svg,photo-film-music,1256,A11 SYNTH (96); F1 NOTE 1 (96); F10 NOTE 10 (96); F11 NOTE 11 (96); F12 NOTE 12 (96); F13 NOTE 13 (96); F14 NOTE 14 (96); F15 NOTE 15 (96); F16 NOTE 16 (96); F2 NOTE 2 (96); F3 NOTE 3 (96); F4 NOTE 4 (96); F5 NOTE 5 (96); F6 NOTE 6 (96); F7 NOTE 7 (96); F8 NOTE 8 (96); F9 NOTE 9 (96),A11,SYNTH
fi-rr-photo-video.svg,photo-video,1024,,,
fi-rr-physics.svg,physics,1331,,,
fi-rr-pi.svg,pi,614,,,
fi-rr-piano-keyboard.svg,piano-keyboard,505,A11 SYNTH (96),A11,SYNTH
fi-rr-piano.svg,piano,726,,,
fi-rr-picaxe-minning.svg,picaxe-minning,1191,,,
fi-rr-pickaxe.svg,pickaxe,599,,,
fi-rr-picking-box.svg,picking-box,1755,,,
fi-rr-picking.svg,picking,2027,,,
fi-rr-picnic.svg,picnic,659,,,
fi-rr-picpeople-filled.svg,picpeople-filled,463,,,
fi-rr-picpeople.svg,picpeople,566,,,
fi-rr-picture.svg,picture,573,,,
fi-rr-pie-chart-box.svg,pie-chart-box,1119,E2 ENV TRAPEZOID (96); E3 ENV HANN (96); E4 ENV GAUSSIAN (96),E2,ENV TRAPEZOID
fi-rr-pie.svg,pie,1145,,,
fi-rr-piece.svg,piece,423,,,
fi-rr-pig-bank-bulb.svg,pig-bank-bulb,1882,E15 BANK - (96); E16 BANK + (96),E15,BANK -
fi-rr-pig-face.svg,pig-face,1306,,,
fi-rr-pig.svg,pig,1122,,,
fi-rr-piggy-bank-budget.svg,piggy-bank-budget,1280,E15 BANK - (96); E16 BANK + (96),E15,BANK -
fi-rr-piggy-bank.svg,piggy-bank,1440,E15 BANK - (96); E16 BANK + (96),E15,BANK -
fi-rr-pilates-reformer.svg,pilates-reformer,547,,,
fi-rr-pillar.svg,pillar,770,,,
fi-rr-pills.svg,pills,809,,,
fi-rr-pin-to-pin.svg,pin-to-pin,1182,,,
fi-rr-pinata.svg,pinata,1686,,,
fi-rr-pineapple-alt.svg,pineapple-alt,2092,,,
fi-rr-pineapple.svg,pineapple,1141,,,
fi-rr-pinecone.svg,pinecone,2026,,,
fi-rr-ping-pong.svg,ping-pong,1040,,,
fi-rr-pipe-smoking.svg,pipe-smoking,982,,,
fi-rr-pipeline.svg,pipeline,561,,,
fi-rr-pisa-tower.svg,pisa-tower,2023,,,
fi-rr-pistachio.svg,pistachio,1754,,,
fi-rr-pizza-box.svg,pizza-box,1206,,,
fi-rr-pizza-slice.svg,pizza-slice,728,,,
fi-rr-pizza-whole-slice.svg,pizza-whole-slice,1440,,,
fi-rr-place-of-worship.svg,place-of-worship,1001,,,
fi-rr-plagiarism.svg,plagiarism,1481,,,
fi-rr-plan-strategy.svg,plan-strategy,1793,,,
fi-rr-plan.svg,plan,1703,,,
fi-rr-plane-alt.svg,plane-alt,1058,,,
fi-rr-plane-arrival.svg,plane-arrival,1112,,,
fi-rr-plane-check.svg,plane-check,1257,,,
fi-rr-plane-clock.svg,plane-clock,1142,D7 SYNC/FREE (96); G6 DELAY (96),D7,SYNC/FREE
fi-rr-plane-departure.svg,plane-departure,1085,,,
fi-rr-plane-globe.svg,plane-globe,1494,,,
fi-rr-plane-lock.svg,plane-lock,1177,D2 HOLD/GATE (96),D2,HOLD/GATE
fi-rr-plane-prop.svg,plane-prop,1424,,,
fi-rr-plane-slash.svg,plane-slash,1634,,,
fi-rr-plane-tail.svg,plane-tail,947,,,
fi-rr-plane.svg,plane,923,,,
fi-rr-planet-mask.svg,planet-mask,1211,,,
fi-rr-planet-moon.svg,planet-moon,1041,,,
fi-rr-planet-ringed.svg,planet-ringed,1141,,,
fi-rr-planning.svg,planning,1740,,,
fi-rr-plant-care.svg,plant-care,1408,,,
fi-rr-plant-growth.svg,plant-growth,1295,,,
fi-rr-plant-seed-invest.svg,plant-seed-invest,1382,,,
fi-rr-plant-wilt.svg,plant-wilt,1081,,,
fi-rr-plate-eating.svg,plate-eating,1100,,,
fi-rr-plate-empty.svg,plate-empty,723,,,
fi-rr-plate-utensils.svg,plate-utensils,986,,,
fi-rr-plate-wheat.svg,plate-wheat,1629,,,
fi-rr-plate.svg,plate,489,,,
fi-rr-play-alt.svg,play-alt,698,H1 PLAY/STOP (96),H1,PLAY/STOP
fi-rr-play-circle.svg,play-circle,788,H1 PLAY/STOP (96),H1,PLAY/STOP
fi-rr-play-microphone.svg,play-microphone,1360,A6 SOLO (96); H1 PLAY/STOP (96); H2 RECORD (96),A6,SOLO
fi-rr-play-pause.svg,play-pause,835,H1 PLAY/STOP (122); D2 HOLD/GATE (96),H1,PLAY/STOP
fi-rr-play.svg,play,386,H1 PLAY/STOP (121),H1,PLAY/STOP
fi-rr-playing-cards.svg,playing-cards,779,,,
fi-rr-pliers.svg,pliers,1125,,,
fi-rr-plug-alt.svg,plug-alt,963,,,
fi-rr-plug-bolt-charger.svg,plug-bolt-charger,1130,,,
fi-rr-plug-cable.svg,plug-cable,564,,,
fi-rr-plug-circle-bolt.svg,plug-circle-bolt,905,,,
fi-rr-plug-circle-check.svg,plug-circle-check,840,,,
fi-rr-plug-circle-exclamation.svg,plug-circle-exclamation,725,,,
fi-rr-plug-circle-minus.svg,plug-circle-minus,643,D11 LENGTH - (96); D13 DENSITY - (96); H5 TEMPO - (96),D11,LENGTH -
fi-rr-plug-circle-plus.svg,plug-circle-plus,743,D12 LENGTH + (96); D14 DENSITY + (96); H6 TEMPO + (96),D12,LENGTH +
fi-rr-plug-connection.svg,plug-connection,1260,,,
fi-rr-plug-eco.svg,plug-eco,1020,,,
fi-rr-plug-fire.svg,plug-fire,1064,G8 DRIVE (96),G8,DRIVE
fi-rr-plug.svg,plug,446,,,
fi-rr-plumbing.svg,plumbing,1116,,,
fi-rr-plunger.svg,plunger,662,,,
fi-rr-plus-hexagon.svg,plus-hexagon,827,D12 LENGTH + (96); D14 DENSITY + (96); H6 TEMPO + (96),D12,LENGTH +
fi-rr-plus-minus.svg,plus-minus,396,D11 LENGTH - (96); D12 LENGTH + (96); D13 DENSITY - (96); D14 DENSITY + (96); H5 TEMPO - (96); H6 TEMPO + (96),D11,LENGTH -
fi-rr-plus-small.svg,plus-small,303,D12 LENGTH + (96); D14 DENSITY + (96); H6 TEMPO + (96),D12,LENGTH +
fi-rr-plus.svg,plus,307,D12 LENGTH + (121); D14 DENSITY + (121); H6 TEMPO + (121),D12,LENGTH +
fi-rr-png-file.svg,png-file,1392,,,
fi-rr-podcast.svg,podcast,1388,,,
fi-rr-podium-award.svg,podium-award,1176,,,
fi-rr-podium-star.svg,podium-star,1135,,,
fi-rr-podium-victory-leader.svg,podium-victory-leader,890,,,
fi-rr-podium.svg,podium,729,,,
fi-rr-point-of-sale-bill.svg,point-of-sale-bill,1247,,,
fi-rr-point-of-sale-card.svg,point-of-sale-card,1149,,,
fi-rr-point-of-sale-check.svg,point-of-sale-check,1451,,,
fi-rr-point-of-sale-lock.svg,point-of-sale-lock,1235,D2 HOLD/GATE (96),D2,HOLD/GATE
fi-rr-point-of-sale-mobile.svg,point-of-sale-mobile,1170,,,
fi-rr-point-of-sale-signal.svg,point-of-sale-signal,1600,A12 ANALOG (96),A12,ANALOG
fi-rr-point-of-sale-slash.svg,point-of-sale-slash,1148,,,
fi-rr-point-of-sale.svg,point-of-sale,1134,,,
fi-rr-pointer-loading.svg,pointer-loading,1128,,,
fi-rr-pointer-text.svg,pointer-text,511,,,
fi-rr-poke-bowl.svg,poke-bowl,1835,,,
fi-rr-poker-chip.svg,poker-chip,1117,,,
fi-rr-police-box.svg,police-box,788,,,
fi-rr-polish-bottle.svg,polish-bottle,791,,,
fi-rr-polish-brush.svg,polish-brush,944,,,
fi-rr-poll-h.svg,poll-h,633,,,
fi-rr-pollution.svg,pollution,1544,,,
fi-rr-pompebled.svg,pompebled,1131,,,
fi-rr-poo-bolt.svg,poo-bolt,1803,,,
fi-rr-poo.svg,poo,1012,,,
fi-rr-pool-8-ball.svg,pool-8-ball,907,,,
fi-rr-poop.svg,poop,1125,,,
fi-rr-pop.svg,pop,1250,,,
fi-rr-popcorn.svg,popcorn,1196,,,
fi-rr-popsicle.svg,popsicle,410,,,
fi-rr-population-globe.svg,population-globe,1944,,,
fi-rr-population.svg,population,1448,,,
fi-rr-portal-enter.svg,portal-enter,1328,,,
fi-rr-portal-exit.svg,portal-exit,1386,,,
fi-rr-portfolio.svg,portfolio,1097,,,
fi-rr-portrait.svg,portrait,456,,,
fi-rr-portuguese.svg,portuguese,1071,,,
fi-rr-postal-address.svg,postal-address,1008,,,
fi-rr-pot.svg,pot,352,,,
fi-rr-potato.svg,potato,1000,,,
fi-rr-pound.svg,pound,318,,,
fi-rr-power.svg,power,380,,,
fi-rr-powerbank.svg,powerbank,984,,,
fi-rr-ppt-file.svg,ppt-file,1230,,,
fi-rr-practice.svg,practice,2068,,,
fi-rr-praying-hands.svg,praying-hands,1582,,,
fi-rr-premium-account.svg,premium-account,1027,,,
fi-rr-prescription-bottle-alt.svg,prescription-bottle-alt,613,,,
fi-rr-prescription-bottle-pill.svg,prescription-bottle-pill,838,,,
fi-rr-prescription-bottle.svg,prescription-bottle,574,,,
fi-rr-prescription.svg,prescription,697,,,
fi-rr-presentation-folder.svg,presentation-folder,618,E15 BANK - (96); E16 BANK + (96),E15,BANK -
fi-rr-presentation.svg,presentation,381,,,
fi-rr-pretzel.svg,pretzel,811,,,
fi-rr-preview.svg,preview,951,,,
fi-rr-previous-square.svg,previous-square,705,E1 ENV SQUARE (96); H7 PATTERN - (96),E1,ENV SQUARE
fi-rr-price-down.svg,price-down,1887,D15 PITCH - (96),D15,PITCH -
fi-rr-prime-time.svg,prime-time,656,,,
fi-rr-print-magnifying-glass.svg,print-magnifying-glass,809,,,
fi-rr-print-slash.svg,print-slash,1069,,,
fi-rr-print-wifi.svg,print-wifi,1137,,,
fi-rr-print.svg,print,583,,,
fi-rr-printer-notification.svg,printer-notification,698,,,
fi-rr-priority-arrow.svg,priority-arrow,814,,,
fi-rr-priority-arrows.svg,priority-arrows,907,,,
fi-rr-priority-importance.svg,priority-importance,1328,,,
fi-rr-privacy-settings.svg,privacy-settings,1783,A16 SYSTEM (96),A16,SYSTEM
fi-rr-private-account.svg,private-account,1201,,,
fi-rr-problem-solving.svg,problem-solving,964,,,
fi-rr-procedures.svg,procedures,1050,,,
fi-rr-process.svg,process,1413,,,
fi-rr-productivity.svg,productivity,2490,,,
fi-rr-progress-bar-dotted-empty.svg,progress-bar-dotted-empty,653,,,
fi-rr-progress-bar-dotted-half.svg,progress-bar-dotted-half,490,,,
fi-rr-progress-bar-dotted-line-half.svg,progress-bar-dotted-line-half,553,,,
fi-rr-progress-bar-empty.svg,progress-bar-empty,304,,,
fi-rr-progress-bar-half.svg,progress-bar-half,329,,,
fi-rr-progress-bar-square-empty.svg,progress-bar-square-empty,931,E1 ENV SQUARE (96),E1,ENV SQUARE
fi-rr-progress-bar-square-half.svg,progress-bar-square-half,640,E1 ENV SQUARE (96),E1,ENV SQUARE
fi-rr-progress-complete.svg,progress-complete,3020,,,
fi-rr-progress-download.svg,progress-download,1728,,,
fi-rr-progress-upload.svg,progress-upload,1738,,,
fi-rr-projector.svg,projector,1184,,,
fi-rr-protein-bar.svg,protein-bar,1749,,,
fi-rr-protein-shake.svg,protein-shake,925,,,
fi-rr-protractor.svg,protractor,759,,,
fi-rr-psychology.svg,psychology,1756,,,
fi-rr-pulse.svg,pulse,649,,,
fi-rr-pump-medical.svg,pump-medical,818,,,
fi-rr-pump.svg,pump,628,,,
fi-rr-pumpkin-alt-2.svg,pumpkin-alt-2,1144,,,
fi-rr-pumpkin-alt.svg,pumpkin-alt,2230,,,
fi-rr-pumpkin.svg,pumpkin,1054,,,
fi-rr-punching-bag.svg,punching-bag,623,,,
fi-rr-puzzle-alt.svg,puzzle-alt,1087,,,
fi-rr-puzzle-piece-integration.svg,puzzle-piece-integration,1585,,,
fi-rr-puzzle-pieces.svg,puzzle-pieces,1607,,,
fi-rr-puzzle.svg,puzzle,901,,,
fi-rr-pyramid.svg,pyramid,509,,,
fi-rr-q.svg,q,552,,,
fi-rr-qr-scan.svg,qr-scan,707,,,
fi-rr-qrcode-box.svg,qrcode-box,958,,,
fi-rr-qrcode-information.svg,qrcode-information,993,,,
fi-rr-qrcode-location.svg,qrcode-location,1199,,,
fi-rr-qrcode-menu.svg,qrcode-menu,1127,,,
fi-rr-qrcode-money.svg,qrcode-money,1215,,,
fi-rr-qrcode-ticket.svg,qrcode-ticket,1098,,,
fi-rr-qrcode-wifi.svg,qrcode-wifi,1443,,,
fi-rr-qrcode.svg,qrcode,1460,,,
fi-rr-quality-box.svg,quality-box,2727,,,
fi-rr-quality.svg,quality,2758,,,
fi-rr-question-square.svg,question-square,838,E1 ENV SQUARE (96),E1,ENV SQUARE
fi-rr-question.svg,question,675,,,
fi-rr-queue-alt.svg,queue-alt,1755,,,
fi-rr-queue-line.svg,queue-line,1669,,,
fi-rr-queue-signal.svg,queue-signal,1102,A12 ANALOG (96),A12,ANALOG
fi-rr-queue.svg,queue,1095,,,
fi-rr-quick-box.svg,quick-box,1068,,,
fi-rr-quill-pen-story.svg,quill-pen-story,1092,,,
fi-rr-quiz-alt.svg,quiz-alt,1633,,,
fi-rr-quiz-test.svg,quiz-test,1415,,,
fi-rr-quiz.svg,quiz,1814,,,
fi-rr-quote-right.svg,quote-right,406,D10 POSITION + (96),D10,POSITION +
fi-rr-quran-user.svg,quran-user,833,,,
fi-rr-r.svg,r,466,,,
fi-rr-rabbit-fast.svg,rabbit-fast,1250,H6 TEMPO + (96),H6,TEMPO +
fi-rr-rabbit.svg,rabbit,953,,,
fi-rr-raccoon.svg,raccoon,1849,,,
fi-rr-racquet.svg,racquet,1274,,,
fi-rr-radar-monitoring-track.svg,radar-monitoring-track,1833,,,
fi-rr-radar.svg,radar,1763,,,
fi-rr-radiation-alt.svg,radiation-alt,1548,,,
fi-rr-radiation.svg,radiation,1884,,,
fi-rr-radio-alt.svg,radio-alt,796,,,
fi-rr-radio-button.svg,radio-button,642,,,
fi-rr-radio-question-mark.svg,radio-question-mark,1316,,,
fi-rr-radio-tower.svg,radio-tower,1577,,,
fi-rr-radio-waves.svg,radio-waves,864,,,
fi-rr-radio.svg,radio,854,,,
fi-rr-radish.svg,radish,1097,,,
fi-rr-rainbow.svg,rainbow,462,,,
fi-rr-raindrops.svg,raindrops,982,,,
fi-rr-ram.svg,ram,2093,,,
fi-rr-ramp-loading.svg,ramp-loading,809,,,
fi-rr-rank.svg,rank,1120,,,
fi-rr-ranking-podium-empty.svg,ranking-podium-empty,646,,,
fi-rr-ranking-podium.svg,ranking-podium,1306,,,
fi-rr-ranking-star.svg,ranking-star,942,,,
fi-rr-ranking-stars.svg,ranking-stars,1749,A13 FX (96),A13,FX
fi-rr-raygun.svg,raygun,1243,,,
fi-rr-razor-barber.svg,razor-barber,957,,,
fi-rr-react.svg,react,2056,,,
fi-rr-rec.svg,rec,255,,,
fi-rr-receipt.svg,receipt,597,,,
fi-rr-recipe-book.svg,recipe-book,1159,,,
fi-rr-recipe.svg,recipe,1584,,,
fi-rr-record-vinyl.svg,record-vinyl,396,H2 RECORD (96),H2,RECORD
fi-rr-rectabgle-vertical.svg,rectabgle-vertical,296,,,
fi-rr-rectangle-barcode.svg,rectangle-barcode,780,,,
fi-rr-rectangle-code.svg,rectangle-code,979,,,
fi-rr-rectangle-history-circle-plus.svg,rectangle-history-circle-plus,753,D12 LENGTH + (96); D14 DENSITY + (96); H6 TEMPO + (96),D12,LENGTH +
fi-rr-rectangle-horizontal.svg,rectangle-horizontal,297,,,
fi-rr-rectangle-list.svg,rectangle-list,823,,,
fi-rr-rectangle-panoramic.svg,rectangle-panoramic,298,,,
fi-rr-rectangle-pro.svg,rectangle-pro,1092,,,
fi-rr-rectangle-vertical-history.svg,rectangle-vertical-history,486,,,
fi-rr-rectangle-vertical.svg,rectangle-vertical,352,,,
fi-rr-rectangle-xmark.svg,rectangle-xmark,740,,,
fi-rr-rectangles-mixed.svg,rectangles-mixed,651,,,
fi-rr-recycle-bin.svg,recycle-bin,1379,,,
fi-rr-recycle.svg,recycle,1034,,,
fi-rr-redo-alt.svg,redo-alt,417,,,
fi-rr-redo.svg,redo,460,,,
fi-rr-reel.svg,reel,471,,,
fi-rr-refer-arrow.svg,refer-arrow,811,,,
fi-rr-refer.svg,refer,1361,,,
fi-rr-referee.svg,referee,786,,,
fi-rr-referral-alt.svg,referral-alt,1368,,,
fi-rr-referral-link-arrow.svg,referral-link-arrow,1165,,,
fi-rr-referral-user.svg,referral-user,1295,,,
fi-rr-referral.svg,referral,1121,,,
fi-rr-reflect-horizontal-alt.svg,reflect-horizontal-alt,938,,,
fi-rr-reflect-horizontal.svg,reflect-horizontal,714,,,
fi-rr-reflect-vertical.svg,reflect-vertical,629,,,
fi-rr-reflect.svg,reflect,869,,,
fi-rr-refresh.svg,refresh,633,D6 RESAMPLE (121),D6,RESAMPLE
fi-rr-refrigerator.svg,refrigerator,437,,,
fi-rr-refund-alt.svg,refund-alt,1115,,,
fi-rr-refund.svg,refund,1070,,,
fi-rr-region-pin-alt.svg,region-pin-alt,1065,,,
fi-rr-region-pin.svg,region-pin,1409,,,
fi-rr-registered.svg,registered,647,,,
fi-rr-registration-paper.svg,registration-paper,1039,,,
fi-rr-remote-access.svg,remote-access,1318,,,
fi-rr-remote-control-hand.svg,remote-control-hand,1164,,,
fi-rr-remote-control.svg,remote-control,1090,,,
fi-rr-remove-folder.svg,remove-folder,824,E15 BANK - (96); E16 BANK + (96),E15,BANK -
fi-rr-remove-user.svg,remove-user,337,,,
fi-rr-rent-signal.svg,rent-signal,1442,A12 ANALOG (96),A12,ANALOG
fi-rr-rent.svg,rent,1504,,,
fi-rr-repeat-task.svg,repeat-task,2229,D3 RETRIGGER (96); D6 RESAMPLE (96); G11 STUTTER (96),D3,RETRIGGER
fi-rr-replace.svg,replace,1200,,,
fi-rr-replay-10.svg,replay-10,983,D3 RETRIGGER (96),D3,RETRIGGER
fi-rr-replay-30.svg,replay-30,1189,D3 RETRIGGER (96),D3,RETRIGGER
fi-rr-replay-5.svg,replay-5,1071,D3 RETRIGGER (96),D3,RETRIGGER
fi-rr-reply-all.svg,reply-all,735,,,
fi-rr-republican.svg,republican,1279,,,
fi-rr-research-arrows-circle.svg,research-arrows-circle,986,,,
fi-rr-reservation-smartphone.svg,reservation-smartphone,1259,,,
fi-rr-reservation-table.svg,reservation-table,1033,,,
fi-rr-resistance-band.svg,resistance-band,874,,,
fi-rr-resize-screen.svg,resize-screen,969,,,
fi-rr-resize.svg,resize,615,,,
fi-rr-resources.svg,resources,467,,,
fi-rr-responsability.svg,responsability,1500,,,
fi-rr-responsive-design.svg,responsive-design,1009,,,
fi-rr-restaurant-sign.svg,restaurant-sign,703,,,
fi-rr-restaurant.svg,restaurant,833,,,
fi-rr-restock.svg,restock,910,,,
fi-rr-restroom-simple.svg,restroom-simple,1195,,,
fi-rr-resume.svg,resume,1018,,,
fi-rr-revenue-alt.svg,revenue-alt,1422,,,
fi-rr-revenue-euro.svg,revenue-euro,1052,,,
fi-rr-review.svg,review,791,,,
fi-rr-rewind-button-circle.svg,rewind-button-circle,783,D4 REVERSE (96); E12 REVERSE % (96); G13 REVERSE FX (96),D4,REVERSE
fi-rr-rewind.svg,rewind,657,D4 REVERSE (121); E12 REVERSE % (121); G13 REVERSE FX (121),D4,REVERSE
fi-rr-rhombus.svg,rhombus,512,,,
fi-rr-ribbon.svg,ribbon,1309,,,
fi-rr-right-click-mouse.svg,right-click-mouse,316,D10 POSITION + (96),D10,POSITION +
fi-rr-right-from-bracket.svg,right-from-bracket,1064,D10 POSITION + (96),D10,POSITION +
fi-rr-right.svg,right,714,D10 POSITION + (121),D10,POSITION +
fi-rr-ring-box.svg,ring-box,1210,,,
fi-rr-ring-diamond.svg,ring-diamond,619,,,
fi-rr-ring-light.svg,ring-light,586,,,
fi-rr-ring.svg,ring,725,,,
fi-rr-rings-wedding.svg,rings-wedding,851,,,
fi-rr-risk-alt.svg,risk-alt,714,,,
fi-rr-risk-assessment.svg,risk-assessment,1672,,,
fi-rr-risk.svg,risk,2305,,,
fi-rr-river.svg,river,1935,,,
fi-rr-road-arrow.svg,road-arrow,1231,,,
fi-rr-road-barrier.svg,road-barrier,425,,,
fi-rr-road-bridge.svg,road-bridge,960,,,
fi-rr-road-check.svg,road-check,1035,,,
fi-rr-road-lock.svg,road-lock,1044,D2 HOLD/GATE (96),D2,HOLD/GATE
fi-rr-road-map-pin.svg,road-map-pin,1300,,,
fi-rr-road-settings.svg,road-settings,1413,A16 SYSTEM (96),A16,SYSTEM
fi-rr-road-sign-left.svg,road-sign-left,1028,D9 POSITION - (96),D9,POSITION -
fi-rr-road-time.svg,road-time,1054,,,
fi-rr-road.svg,road,554,,,
fi-rr-roadmap.svg,roadmap,742,,,
fi-rr-robot-money.svg,robot-money,1436,,,
fi-rr-robot.svg,robot,910,,,
fi-rr-robotic-arm.svg,robotic-arm,1050,,,
fi-rr-rock-hair-user.svg,rock-hair-user,1308,,,
fi-rr-rock-hammer.svg,rock-hammer,1454,,,
fi-rr-rock.svg,rock,2287,,,
fi-rr-rocket-gear.svg,rocket-gear,2056,A16 SYSTEM (96),A16,SYSTEM
fi-rr-rocket-hand.svg,rocket-hand,1431,,,
fi-rr-rocket-holding-hand.svg,rocket-holding-hand,1210,,,
fi-rr-rocket-lunch.svg,rocket-lunch,1273,,,
fi-rr-rocket-planet.svg,rocket-planet,1127,,,
fi-rr-rocket.svg,rocket,1275,,,
fi-rr-rocking-horse.svg,rocking-horse,865,,,
fi-rr-rocks.svg,rocks,2234,,,
fi-rr-roi.svg,roi,2057,,,
fi-rr-role-play.svg,role-play,1077,H1 PLAY/STOP (96),H1,PLAY/STOP
fi-rr-roller-coaster.svg,roller-coaster,913,,,
fi-rr-roller-skate.svg,roller-skate,1434,,,
fi-rr-roller-skater.svg,roller-skater,1411,,,
fi-rr-roof.svg,roof,1838,,,
fi-rr-room-service.svg,room-service,338,E10 SPACE - (96); E11 SPACE + (96),E10,SPACE -
fi-rr-rose-alt.svg,rose-alt,1964,,,
fi-rr-rose.svg,rose,1386,,,
fi-rr-rotate-exclamation.svg,rotate-exclamation,920,,,
fi-rr-rotate-left.svg,rotate-left,532,D4 REVERSE (122); E12 REVERSE % (122); D9 POSITION - (96),D4,REVERSE
fi-rr-rotate-reverse.svg,rotate-reverse,617,D4 REVERSE (96); E12 REVERSE % (96); G13 REVERSE FX (96),D4,REVERSE
fi-rr-rotate-right.svg,rotate-right,388,D3 RETRIGGER (122); D10 POSITION + (96),D3,RETRIGGER
fi-rr-rotate-square.svg,rotate-square,935,E1 ENV SQUARE (96),E1,ENV SQUARE
fi-rr-roulette.svg,roulette,1835,,,
fi-rr-round-cctv.svg,round-cctv,562,,,
fi-rr-route-highway.svg,route-highway,1674,,,
fi-rr-route-interstate.svg,route-interstate,1017,,,
fi-rr-route.svg,route,1325,,,
fi-rr-router-laptop.svg,router-laptop,1043,,,
fi-rr-router-lock.svg,router-lock,1124,D2 HOLD/GATE (96),D2,HOLD/GATE
fi-rr-router-wifi-alt.svg,router-wifi-alt,1261,,,
fi-rr-router-wifi.svg,router-wifi,1393,,,
fi-rr-router.svg,router,1065,,,
fi-rr-rss-alt.svg,rss-alt,563,,,
fi-rr-rss.svg,rss,665,,,
fi-rr-ruble-sign.svg,ruble-sign,480,,,
fi-rr-rugby.svg,rugby,999,,,
fi-rr-ruler-combined.svg,ruler-combined,630,,,
fi-rr-ruler-horizontal.svg,ruler-horizontal,582,,,
fi-rr-ruler-triangle.svg,ruler-triangle,1311,E5 ENV TRIANGLE (96),E5,ENV TRIANGLE
fi-rr-ruler-vertical.svg,ruler-vertical,513,,,
fi-rr-rules-alt.svg,rules-alt,1030,,,
fi-rr-rules.svg,rules,1551,,,
fi-rr-running-track.svg,running-track,502,,,
fi-rr-running.svg,running,788,,,
fi-rr-rupee-sign.svg,rupee-sign,1007,,,
fi-rr-rupiah-sign.svg,rupiah-sign,643,,,
fi-rr-russian.svg,russian,1245,,,
fi-rr-rv.svg,rv,670,,,
fi-rr-s.svg,s,584,,,
fi-rr-sack-dollar.svg,sack-dollar,1242,,,
fi-rr-sack.svg,sack,670,,,
fi-rr-sad-cry.svg,sad-cry,877,,,
fi-rr-sad-tear.svg,sad-tear,639,,,
fi-rr-sad.svg,sad,542,,,
fi-rr-safe-battery.svg,safe-battery,848,,,
fi-rr-safe-box.svg,safe-box,1178,,,
fi-rr-safe-browsing.svg,safe-browsing,982,,,
fi-rr-safety-glasses.svg,safety-glasses,1590,,,
fi-rr-safety-pin.svg,safety-pin,893,,,
fi-rr-safety-zone.svg,safety-zone,1219,,,
fi-rr-saffron.svg,saffron,3242,,,
fi-rr-sailboat.svg,sailboat,1404,,,
fi-rr-sake.svg,sake,963,,,
fi-rr-salad.svg,salad,1559,,,
fi-rr-salary-alt.svg,salary-alt,987,,,
fi-rr-salt-pepper.svg,salt-pepper,1054,,,
fi-rr-salt-shaker.svg,salt-shaker,902,,,
fi-rr-sandwich-alt.svg,sandwich-alt,1237,,,
fi-rr-sandwich.svg,sandwich,1065,,,
fi-rr-sanitary-pad.svg,sanitary-pad,1481,,,
fi-rr-satellite-dish.svg,satellite-dish,1009,,,
fi-rr-satellite.svg,satellite,1492,,,
fi-rr-satisfaction-bar.svg,satisfaction-bar,1522,,,
fi-rr-saturday.svg,saturday,1464,,,
fi-rr-sauce.svg,sauce,575,,,
fi-rr-sausage.svg,sausage,700,,,
fi-rr-save-the-planet.svg,save-the-planet,1694,,,
fi-rr-saw.svg,saw,841,,,
fi-rr-sax-hot.svg,sax-hot,1611,,,
fi-rr-saxophone.svg,saxophone,1344,,,
fi-rr-scale-comparison-alt.svg,scale-comparison-alt,1572,,,
fi-rr-scale-comparison.svg,scale-comparison,1244,,,
fi-rr-scale.svg,scale,641,,,
fi-rr-scalpel-path.svg,scalpel-path,919,,,
fi-rr-scalpel.svg,scalpel,672,,,
fi-rr-scanner-gun.svg,scanner-gun,1208,,,
fi-rr-scanner-image.svg,scanner-image,616,,,
fi-rr-scanner-keyboard.svg,scanner-keyboard,1225,A11 SYNTH (96),A11,SYNTH
fi-rr-scanner-touchscreen.svg,scanner-touchscreen,855,,,
fi-rr-scarecrow.svg,scarecrow,827,,,
fi-rr-scarf.svg,scarf,1474,,,
fi-rr-schedule.svg,schedule,1101,,,
fi-rr-school-bus.svg,school-bus,762,,,
fi-rr-school-circle-chek.svg,school-circle-chek,1282,,,
fi-rr-school-circle-exclamation.svg,school-circle-exclamation,1177,,,
fi-rr-school-circle-xmark.svg,school-circle-xmark,1329,,,
fi-rr-school-lock.svg,school-lock,1391,D2 HOLD/GATE (96),D2,HOLD/GATE
fi-rr-school.svg,school,990,,,
fi-rr-science-ai.svg,science-ai,1506,,,
fi-rr-science-podcast.svg,science-podcast,599,,,
fi-rr-scissor-lift.svg,scissor-lift,809,,,
fi-rr-scissors.svg,scissors,499,,,
fi-rr-scone.svg,scone,1378,,,
fi-rr-scooter.svg,scooter,816,,,
fi-rr-score-board.svg,score-board,916,,,
fi-rr-scorpion.svg,scorpion,1877,,,
fi-rr-scraper.svg,scraper,916,,,
fi-rr-screen-calibration.svg,screen-calibration,762,,,
fi-rr-screen-play.svg,screen-play,955,H1 PLAY/STOP (96),H1,PLAY/STOP
fi-rr-screen-recorder.svg,screen-recorder,830,,,
fi-rr-screen-share.svg,screen-share,902,,,
fi-rr-screen-shield.svg,screen-shield,1012,,,
fi-rr-screen.svg,screen,370,,,
fi-rr-screencast.svg,screencast,716,,,
fi-rr-screw-alt.svg,screw-alt,1309,,,
fi-rr-screw.svg,screw,806,,,
fi-rr-screwdriver.svg,screwdriver,946,,,
fi-rr-scribble.svg,scribble,1074,,,
fi-rr-script.svg,script,982,,,
fi-rr-scroll-document-story.svg,scroll-document-story,1234,,,
fi-rr-scroll-old.svg,scroll-old,758,,,
fi-rr-scroll-torah.svg,scroll-torah,1291,,,
fi-rr-scroll.svg,scroll,643,,,
fi-rr-scrubber.svg,scrubber,441,,,
fi-rr-sculpture.svg,sculpture,1256,,,
fi-rr-scythe.svg,scythe,724,,,
fi-rr-sd-card.svg,sd-card,688,,,
fi-rr-sd-cards.svg,sd-cards,797,,,
fi-rr-sea-level.svg,sea-level,1778,,,
fi-rr-sea-wave.svg,sea-wave,1274,G2 FLANGER (96); G3 PHASER (96); G4 TREMOLO (96); G5 VIBRATO (96),G2,FLANGER
fi-rr-seal-exclamation.svg,seal-exclamation,1187,,,
fi-rr-seal-question.svg,seal-question,1587,,,
fi-rr-seal.svg,seal,1099,,,
fi-rr-search-alt.svg,search-alt,548,,,
fi-rr-search-bar.svg,search-bar,817,,,
fi-rr-search-dollar.svg,search-dollar,1046,,,
fi-rr-search-heart.svg,search-heart,1503,,,
fi-rr-search-location.svg,search-location,1087,,,
fi-rr-search.svg,search,295,,,
fi-rr-seat-airline.svg,seat-airline,1018,,,
fi-rr-seatbelt-safety-driver.svg,seatbelt-safety-driver,970,,,
fi-rr-second-award.svg,second-award,3366,,,
fi-rr-second-laurel.svg,second-laurel,3129,,,
fi-rr-second-medal.svg,second-medal,1268,,,
fi-rr-second.svg,second,921,,,
fi-rr-secure-backup.svg,secure-backup,1634,,,
fi-rr-security-gate.svg,security-gate,770,D2 HOLD/GATE (96),D2,HOLD/GATE
fi-rr-security.svg,security,1282,,,
fi-rr-seedling.svg,seedling,870,,,
fi-rr-segway.svg,segway,615,,,
fi-rr-selection.svg,selection,1559,,,
fi-rr-self-care.svg,self-care,1031,,,
fi-rr-selfie.svg,selfie,883,,,
fi-rr-sell.svg,sell,1853,,,
fi-rr-seller-store.svg,seller-store,1368,,,
fi-rr-seller.svg,seller,901,,,
fi-rr-selling.svg,selling,1970,,,
fi-rr-send-back.svg,send-back,694,,,
fi-rr-send-backward.svg,send-backward,573,D4 REVERSE (96); E12 REVERSE % (96); G13 REVERSE FX (96),D4,REVERSE
fi-rr-send-money-smartphone.svg,send-money-smartphone,928,,,
fi-rr-send-money.svg,send-money,1057,,,
fi-rr-sensor-alert.svg,sensor-alert,956,,,
fi-rr-sensor-fire.svg,sensor-fire,1439,G8 DRIVE (96),G8,DRIVE
fi-rr-sensor-on.svg,sensor-on,639,,,
fi-rr-sensor-smoke.svg,sensor-smoke,1354,,,
fi-rr-sensor.svg,sensor,484,,,
fi-rr-september-calendar.svg,september-calendar,1353,,,
fi-rr-serum.svg,serum,1098,,,
fi-rr-server-key.svg,server-key,1728,,,
fi-rr-session-timeout.svg,session-timeout,719,,,
fi-rr-settings-sliders.svg,settings-sliders,693,A15 MIX (96); A16 SYSTEM (96),A15,MIX
fi-rr-settings-window.svg,settings-window,1581,A16 SYSTEM (96); E3 ENV HANN (96),A16,SYSTEM
fi-rr-settings.svg,settings,1227,A16 SYSTEM (121),A16,SYSTEM
fi-rr-sewing-machine-alt.svg,sewing-machine-alt,1153,,,
fi-rr-sewing-machine.svg,sewing-machine,878,,,
fi-rr-shaka.svg,shaka,1595,,,
fi-rr-shampoo.svg,shampoo,1228,,,
fi-rr-share-alt-square.svg,share-alt-square,929,E1 ENV SQUARE (96),E1,ENV SQUARE
fi-rr-share-square.svg,share-square,624,E1 ENV SQUARE (96),E1,ENV SQUARE
fi-rr-share.svg,share,618,,,
fi-rr-sharpener.svg,sharpener,921,,,
fi-rr-sheep.svg,sheep,1947,,,
fi-rr-shekel-sign.svg,shekel-sign,501,,,
fi-rr-shell.svg,shell,1487,,,
fi-rr-shelves-empty.svg,shelves-empty,320,,,
fi-rr-shelves.svg,shelves,566,,,
fi-rr-shield-alt.svg,shield-alt,643,,,
fi-rr-shield-cat.svg,shield-cat,1234,,,
fi-rr-shield-check.svg,shield-check,646,,,
fi-rr-shield-cross.svg,shield-cross,777,,,
fi-rr-shield-divided-four.svg,shield-divided-four,666,,,
fi-rr-shield-dog.svg,shield-dog,1278,,,
fi-rr-shield-exclamation.svg,shield-exclamation,637,,,
fi-rr-shield-interrogation.svg,shield-interrogation,814,,,
fi-rr-shield-keyhole.svg,shield-keyhole,743,,,
fi-rr-shield-minus.svg,shield-minus,663,D11 LENGTH - (96); D13 DENSITY - (96); H5 TEMPO - (96),D11,LENGTH -
fi-rr-shield-plus.svg,shield-plus,570,D12 LENGTH + (96); D14 DENSITY + (96); H6 TEMPO + (96),D12,LENGTH +
fi-rr-shield-security-risk.svg,shield-security-risk,847,,,
fi-rr-shield-slash.svg,shield-slash,912,,,
fi-rr-shield-trust.svg,shield-trust,1322,,,
fi-rr-shield-virus.svg,shield-virus,1655,,,
fi-rr-shield-xmark.svg,shield-xmark,948,,,
fi-rr-shield.svg,shield,477,,,
fi-rr-ship-side.svg,ship-side,900,,,
fi-rr-ship.svg,ship,1142,,,
fi-rr-shipping-fast.svg,shipping-fast,1112,H6 TEMPO + (96),H6,TEMPO +
fi-rr-shipping-timed.svg,shipping-timed,1223,,,
fi-rr-shirt-long-sleeve.svg,shirt-long-sleeve,845,,,
fi-rr-shirt-running.svg,shirt-running,794,,,
fi-rr-shirt-tank-top.svg,shirt-tank-top,698,,,
fi-rr-shirt.svg,shirt,1157,,,
fi-rr-shish-kebab.svg,shish-kebab,1394,,,
fi-rr-shoe-prints.svg,shoe-prints,1109,,,
fi-rr-shop-lock.svg,shop-lock,1275,D2 HOLD/GATE (96),D2,HOLD/GATE
fi-rr-shop-slash.svg,shop-slash,1173,,,
fi-rr-shop.svg,shop,850,,,
fi-rr-shopping-bag-add.svg,shopping-bag-add,471,,,
fi-rr-shopping-bag.svg,shopping-bag,408,,,
fi-rr-shopping-basket.svg,shopping-basket,982,,,
fi-rr-shopping-cart-add.svg,shopping-cart-add,595,,,
fi-rr-shopping-cart-buyer.svg,shopping-cart-buyer,1111,,,
fi-rr-shopping-cart-check.svg,shopping-cart-check,710,,,
fi-rr-shopping-cart-heart.svg,shopping-cart-heart,1092,,,
fi-rr-shopping-cart-nft.svg,shopping-cart-nft,1439,,,
fi-rr-shopping-cart-notification.svg,shopping-cart-notification,778,,,
fi-rr-shopping-cart.svg,shopping-cart,556,,,
fi-rr-shoulder-joint.svg,shoulder-joint,1475,,,
fi-rr-shovel-snow.svg,shovel-snow,997,,,
fi-rr-shovel.svg,shovel,914,,,
fi-rr-shower-down.svg,shower-down,1419,D15 PITCH - (96),D15,PITCH -
fi-rr-shower-gel.svg,shower-gel,1255,,,
fi-rr-shower.svg,shower,1630,,,
fi-rr-shredder.svg,shredder,751,,,
fi-rr-shrimp.svg,shrimp,1117,,,
fi-rr-shuffle.svg,shuffle,919,D8 RANDOMIZE (121),D8,RANDOMIZE
fi-rr-shuttle-van.svg,shuttle-van,653,,,
fi-rr-shuttlecock.svg,shuttlecock,1369,,,
fi-rr-sidebar-flip.svg,sidebar-flip,614,,,
fi-rr-sidebar.svg,sidebar,614,,,
fi-rr-sigma.svg,sigma,711,,,
fi-rr-sign-hanging.svg,sign-hanging,520,,,
fi-rr-sign-in-alt.svg,sign-in-alt,609,,,
fi-rr-sign-language.svg,sign-language,2271,,,
fi-rr-sign-out-alt.svg,sign-out-alt,584,,,
fi-rr-sign-posts-wrench.svg,sign-posts-wrench,1192,,,
fi-rr-sign-posts.svg,sign-posts,535,,,
fi-rr-sign-up.svg,sign-up,2357,D16 PITCH + (96),D16,PITCH +
fi-rr-signal-alt-1.svg,signal-alt-1,378,A12 ANALOG (96),A12,ANALOG
fi-rr-signal-alt-2.svg,signal-alt-2,342,A12 ANALOG (96),A12,ANALOG
fi-rr-signal-alt-slash.svg,signal-alt-slash,922,A12 ANALOG (96),A12,ANALOG
fi-rr-signal-alt.svg,signal-alt,414,A12 ANALOG (96),A12,ANALOG
fi-rr-signal-bars-fair.svg,signal-bars-fair,520,A12 ANALOG (96),A12,ANALOG
fi-rr-signal-bars-good.svg,signal-bars-good,638,A12 ANALOG (96),A12,ANALOG
fi-rr-signal-bars-weak.svg,signal-bars-weak,395,A12 ANALOG (96),A12,ANALOG
fi-rr-signal-stream-slash.svg,signal-stream-slash,919,A12 ANALOG (96),A12,ANALOG
fi-rr-signal-stream.svg,signal-stream,949,A12 ANALOG (96),A12,ANALOG
fi-rr-signature-lock.svg,signature-lock,1275,D2 HOLD/GATE (96),D2,HOLD/GATE
fi-rr-signature-slash.svg,signature-slash,1472,,,
fi-rr-signature.svg,signature,1153,,,
fi-rr-sim-card.svg,sim-card,614,,,
fi-rr-sim-cards.svg,sim-cards,768,,,
fi-rr-sink.svg,sink,674,,,
fi-rr-siren-on.svg,siren-on,1414,,,
fi-rr-site-alt.svg,site-alt,1573,,,
fi-rr-site-browser.svg,site-browser,1491,,,
fi-rr-site.svg,site,2060,,,
fi-rr-sitemap.svg,sitemap,634,,,
fi-rr-skate-park.svg,skate-park,828,,,
fi-rr-skateboard.svg,skateboard,724,,,
fi-rr-skating.svg,skating,838,,,
fi-rr-skeleton-ribs.svg,skeleton-ribs,1031,,,
fi-rr-skeleton.svg,skeleton,1123,,,
fi-rr-skewer.svg,skewer,925,,,
fi-rr-ski-boot-ski.svg,ski-boot-ski,1128,,,
fi-rr-ski-jump.svg,ski-jump,684,,,
fi-rr-ski-lift.svg,ski-lift,848,,,
fi-rr-skiing-nordic.svg,skiing-nordic,930,,,
fi-rr-skiing.svg,skiing,1052,,,
fi-rr-skill-alt.svg,skill-alt,1150,,,
fi-rr-skill-user.svg,skill-user,869,,,
fi-rr-skill.svg,skill,977,,,
fi-rr-skin-acne.svg,skin-acne,1868,,,
fi-rr-skin-arrow.svg,skin-arrow,1855,,,
fi-rr-skin-drop.svg,skin-drop,1853,,,
fi-rr-skin-hair.svg,skin-hair,1610,,,
fi-rr-skin-laser.svg,skin-laser,1388,,,
fi-rr-skin-uv.svg,skin-uv,1958,,,
fi-rr-skin.svg,skin,1533,,,
fi-rr-skip-15-seconds.svg,skip-15-seconds,1178,,,
fi-rr-skull-cow.svg,skull-cow,1151,,,
fi-rr-skull-crossbones.svg,skull-crossbones,1186,,,
fi-rr-skull-heart.svg,skull-heart,1827,,,
fi-rr-skull.svg,skull,888,,,
fi-rr-skyscraper.svg,skyscraper,835,,,
fi-rr-slash.svg,slash,313,,,
fi-rr-sledding.svg,sledding,756,,,
fi-rr-sleeping-bag.svg,sleeping-bag,1092,,,
fi-rr-sleeping-cat.svg,sleeping-cat,1586,,,
fi-rr-sleigh.svg,sleigh,554,,,
fi-rr-sliders-h-square.svg,sliders-h-square,668,A15 MIX (96); E1 ENV SQUARE (96),A15,MIX
fi-rr-sliders-v-square.svg,sliders-v-square,669,A15 MIX (96); E1 ENV SQUARE (96),A15,MIX
fi-rr-sliders-v.svg,sliders-v,1030,A15 MIX (96),A15,MIX
fi-rr-slides.svg,slides,1451,,,
fi-rr-slot-machine.svg,slot-machine,554,,,
fi-rr-smart-building.svg,smart-building,1103,,,
fi-rr-smart-contract.svg,smart-contract,1439,,,
fi-rr-smart-curtains.svg,smart-curtains,1586,,,
fi-rr-smart-glasses.svg,smart-glasses,925,,,
fi-rr-smart-home-alt.svg,smart-home-alt,956,,,
fi-rr-smart-home-chip.svg,smart-home-chip,1476,,,
fi-rr-smart-home-cloud.svg,smart-home-cloud,1524,,,
fi-rr-smart-home-key.svg,smart-home-key,1672,,,
fi-rr-smart-home.svg,smart-home,1011,,,
fi-rr-smart-watch-calendar.svg,smart-watch-calendar,1304,,,
fi-rr-smart-watch-call.svg,smart-watch-call,899,,,
fi-rr-smart-watch-notifications.svg,smart-watch-notifications,950,,,
fi-rr-smart-wireless-door.svg,smart-wireless-door,1381,,,
fi-rr-smartphone-ar.svg,smartphone-ar,1448,,,
fi-rr-smartphone-bus-payment.svg,smartphone-bus-payment,1379,,,
fi-rr-smartphone-fingerprint.svg,smartphone-fingerprint,1129,,,
fi-rr-smartphone.svg,smartphone,379,,,
fi-rr-smartwatch.svg,smartwatch,1162,,,
fi-rr-smile-beam.svg,smile-beam,684,,,
fi-rr-smile-plus.svg,smile-plus,860,D12 LENGTH + (96); D14 DENSITY + (96); H6 TEMPO + (96),D12,LENGTH +
fi-rr-smile-wink.svg,smile-wink,541,,,
fi-rr-smile.svg,smile,528,,,
fi-rr-smiley-comment-alt.svg,smiley-comment-alt,845,,,
fi-rr-smiling-baby.svg,smiling-baby,1529,,,
fi-rr-smiling-boy.svg,smiling-boy,1332,,,
fi-rr-smiling-girl.svg,smiling-girl,1842,,,
fi-rr-smiling-old-man.svg,smiling-old-man,1989,,,
fi-rr-smiling-old-woman.svg,smiling-old-woman,1485,,,
fi-rr-smog.svg,smog,1291,,,
fi-rr-smoke.svg,smoke,2001,,,
fi-rr-smoking-ban.svg,smoking-ban,795,,,
fi-rr-smoking.svg,smoking,907,,,
fi-rr-smoothie.svg,smoothie,933,,,
fi-rr-snail.svg,snail,919,,,
fi-rr-snake-plant.svg,snake-plant,1373,,,
fi-rr-snake.svg,snake,1451,,,
fi-rr-snap.svg,snap,1344,,,
fi-rr-snooze.svg,snooze,1030,,,
fi-rr-snow-blowing.svg,snow-blowing,1769,,,
fi-rr-snowboarding.svg,snowboarding,979,,,
fi-rr-snowflake-droplets.svg,snowflake-droplets,2525,D1 FREEZE (96); G15 FX FREEZE (96),D1,FREEZE
fi-rr-snowflake.svg,snowflake,1501,D1 FREEZE (121); G15 FX FREEZE (121),D1,FREEZE
fi-rr-snowflakes.svg,snowflakes,3716,,,
fi-rr-snowman-alt.svg,snowman-alt,1078,,,
fi-rr-snowman-head.svg,snowman-head,868,,,
fi-rr-snowmobile.svg,snowmobile,1244,,,
fi-rr-snowplow.svg,snowplow,2232,,,
fi-rr-soap-alt.svg,soap-alt,912,,,
fi-rr-soap.svg,soap,597,,,
fi-rr-soccer-boots.svg,soccer-boots,1075,,,
fi-rr-social-distance.svg,social-distance,1551,E10 SPACE - (96); E11 SPACE + (96),E10,SPACE -
fi-rr-social-media-notification.svg,social-media-notification,1348,,,
fi-rr-social-network.svg,social-network,598,,,
fi-rr-socks.svg,socks,1221,,,
fi-rr-sofa-size.svg,sofa-size,1237,,,
fi-rr-sofa.svg,sofa,755,,,
fi-rr-software-development.svg,software-development,826,,,
fi-rr-soju.svg,soju,1103,,,
fi-rr-solar-panel-sun.svg,solar-panel-sun,1322,,,
fi-rr-solar-panel.svg,solar-panel,915,,,
fi-rr-solar-system.svg,solar-system,916,A16 SYSTEM (96),A16,SYSTEM
fi-rr-sold-house.svg,sold-house,1535,,,
fi-rr-sold-signal.svg,sold-signal,1637,A12 ANALOG (96),A12,ANALOG
fi-rr-sort-alpha-down-alt.svg,sort-alpha-down-alt,890,D15 PITCH - (96),D15,PITCH -
fi-rr-sort-alpha-down.svg,sort-alpha-down,890,D15 PITCH - (96),D15,PITCH -
fi-rr-sort-alpha-up-alt.svg,sort-alpha-up-alt,870,D16 PITCH + (96),D16,PITCH +
fi-rr-sort-alpha-up.svg,sort-alpha-up,870,D16 PITCH + (96),D16,PITCH +
fi-rr-sort-alt.svg,sort-alt,679,,,
fi-rr-sort-amount-down-alt.svg,sort-amount-down-alt,717,D15 PITCH - (96),D15,PITCH -
fi-rr-sort-amount-down.svg,sort-amount-down,718,D15 PITCH - (96),D15,PITCH -
fi-rr-sort-amount-up-alt.svg,sort-amount-up-alt,723,D16 PITCH + (96),D16,PITCH +
fi-rr-sort-amount-up.svg,sort-amount-up,743,D16 PITCH + (96),D16,PITCH +
fi-rr-sort-circle-down.svg,sort-circle-down,693,D15 PITCH - (96),D15,PITCH -
fi-rr-sort-circle-up.svg,sort-circle-up,704,D16 PITCH + (96),D16,PITCH +
fi-rr-sort-circle.svg,sort-circle,573,,,
fi-rr-sort-down.svg,sort-down,576,D15 PITCH - (96),D15,PITCH -
fi-rr-sort-numeric-down-alt.svg,sort-numeric-down-alt,860,D15 PITCH - (96),D15,PITCH -
fi-rr-sort-numeric-down.svg,sort-numeric-down,862,D15 PITCH - (96),D15,PITCH -
fi-rr-sort-shapes-down.svg,sort-shapes-down,926,D15 PITCH - (96),D15,PITCH -
fi-rr-sort-shapes-up.svg,sort-shapes-up,924,D16 PITCH + (96),D16,PITCH +
fi-rr-sort-size-down.svg,sort-size-down,745,D15 PITCH - (96),D15,PITCH -
fi-rr-sort-size-up.svg,sort-size-up,748,D16 PITCH + (96),D16,PITCH +
fi-rr-sort.svg,sort,782,,,
fi-rr-soup.svg,soup,899,,,
fi-rr-source-data.svg,source-data,1371,E13 SOURCE - (96); E14 SOURCE + (96),E13,SOURCE -
fi-rr-source-document-alt.svg,source-document-alt,1602,E13 SOURCE - (96); E14 SOURCE + (96),E13,SOURCE -
fi-rr-source-document.svg,source-document,1250,E13 SOURCE - (96); E14 SOURCE + (96),E13,SOURCE -
fi-rr-spa.svg,spa,690,,,
fi-rr-space-shuttle.svg,space-shuttle,1655,E10 SPACE - (96); E11 SPACE + (96),E10,SPACE -
fi-rr-space-station-moon-alt.svg,space-station-moon-alt,927,E10 SPACE - (96); E11 SPACE + (96),E10,SPACE -
fi-rr-space-station-moon.svg,space-station-moon,900,E10 SPACE - (96); E11 SPACE + (96),E10,SPACE -
fi-rr-spade.svg,spade,716,,,
fi-rr-spaghetti-monster-flying.svg,spaghetti-monster-flying,1912,,,
fi-rr-spain-country-code.svg,spain-country-code,1022,,,
fi-rr-spain-map.svg,spain-map,2528,,,
fi-rr-spam-filter.svg,spam-filter,1073,,,
fi-rr-spam.svg,spam,1036,,,
fi-rr-spanish.svg,spanish,1393,,,
fi-rr-sparkles.svg,sparkles,1017,A13 FX (121),A13,FX
fi-rr-spartan-helmet.svg,spartan-helmet,1764,,,
fi-rr-speaker.svg,speaker,483,,,
fi-rr-speakers.svg,speakers,901,,,
fi-rr-speech-bubble-story.svg,speech-bubble-story,1526,,,
fi-rr-speedometer-arrow.svg,speedometer-arrow,1546,,,
fi-rr-speedometer-kpi.svg,speedometer-kpi,1516,,,
fi-rr-sperm.svg,sperm,2517,,,
fi-rr-sphere.svg,sphere,539,,,
fi-rr-spider-black-widow.svg,spider-black-widow,1320,,,
fi-rr-spider-web.svg,spider-web,1387,,,
fi-rr-spider.svg,spider,1172,,,
fi-rr-spine.svg,spine,634,,,
fi-rr-spinner.svg,spinner,274,,,
fi-rr-splash.svg,splash,2636,,,
fi-rr-split-payment.svg,split-payment,1585,,,
fi-rr-split-screen.svg,split-screen,1184,,,
fi-rr-split-up-relation.svg,split-up-relation,1783,D16 PITCH + (96),D16,PITCH +
fi-rr-split.svg,split,779,,,
fi-rr-splotch.svg,splotch,1473,,,
fi-rr-spoon.svg,spoon,471,,,
fi-rr-sport-drink.svg,sport-drink,658,,,
fi-rr-sport.svg,sport,747,,,
fi-rr-spray-can-sparkles.svg,spray-can-sparkles,1199,A13 FX (96); E6 SPRAY - (96); E7 SPRAY + (96),A13,FX
fi-rr-spray-can.svg,spray-can,864,E6 SPRAY - (96); E7 SPRAY + (96),E6,SPRAY -
fi-rr-spring-calendar.svg,spring-calendar,1228,,,
fi-rr-sprinkler.svg,sprinkler,1123,,,
fi-rr-spy.svg,spy,1092,,,
fi-rr-spyware.svg,spyware,858,,,
fi-rr-sql-file.svg,sql-file,1798,,,
fi-rr-sql-server.svg,sql-server,1729,,,
fi-rr-square-0.svg,square-0,534,E1 ENV SQUARE (96),E1,ENV SQUARE
fi-rr-square-1.svg,square-1,542,E1 ENV SQUARE (96),E1,ENV SQUARE
fi-rr-square-2.svg,square-2,755,E1 ENV SQUARE (96),E1,ENV SQUARE
fi-rr-square-3.svg,square-3,644,E1 ENV SQUARE (96),E1,ENV SQUARE
fi-rr-square-4.svg,square-4,520,E1 ENV SQUARE (96),E1,ENV SQUARE
fi-rr-square-5.svg,square-5,693,E1 ENV SQUARE (96),E1,ENV SQUARE
fi-rr-square-6.svg,square-6,599,E1 ENV SQUARE (96),E1,ENV SQUARE
fi-rr-square-7.svg,square-7,596,E1 ENV SQUARE (96),E1,ENV SQUARE
fi-rr-square-8.svg,square-8,735,E1 ENV SQUARE (96),E1,ENV SQUARE
fi-rr-square-9.svg,square-9,605,E1 ENV SQUARE (96),E1,ENV SQUARE
fi-rr-square-a.svg,square-a,781,E1 ENV SQUARE (96),E1,ENV SQUARE
fi-rr-square-b.svg,square-b,808,E1 ENV SQUARE (96),E1,ENV SQUARE
fi-rr-square-bolt.svg,square-bolt,643,E1 ENV SQUARE (96),E1,ENV SQUARE
fi-rr-square-c.svg,square-c,792,E1 ENV SQUARE (96),E1,ENV SQUARE
fi-rr-square-code.svg,square-code,984,E1 ENV SQUARE (96),E1,ENV SQUARE
fi-rr-square-crosshair.svg,square-crosshair,725,E1 ENV SQUARE (96),E1,ENV SQUARE
fi-rr-square-d.svg,square-d,661,E1 ENV SQUARE (96),E1,ENV SQUARE
fi-rr-square-dashed-circle-plus.svg,square-dashed-circle-plus,1080,D12 LENGTH + (96); D14 DENSITY + (96); E1 ENV SQUARE (96); H6 TEMPO + (96),D12,LENGTH +
fi-rr-square-dashed.svg,square-dashed,923,E1 ENV SQUARE (96),E1,ENV SQUARE
fi-rr-square-divide.svg,square-divide,587,E1 ENV SQUARE (96),E1,ENV SQUARE
fi-rr-square-e.svg,square-e,566,E1 ENV SQUARE (96),E1,ENV SQUARE
fi-rr-square-ellipsis-vertical.svg,square-ellipsis-vertical,593,E1 ENV SQUARE (96),E1,ENV SQUARE
fi-rr-square-ellipsis.svg,square-ellipsis,591,E1 ENV SQUARE (96),E1,ENV SQUARE
fi-rr-square-envelope.svg,square-envelope,661,E1 ENV SQUARE (96),E1,ENV SQUARE
fi-rr-square-exclamation.svg,square-exclamation,539,E1 ENV SQUARE (96),E1,ENV SQUARE
fi-rr-square-f.svg,square-f,529,E1 ENV SQUARE (96),E1,ENV SQUARE
fi-rr-square-g.svg,square-g,977,E1 ENV SQUARE (96),E1,ENV SQUARE
fi-rr-square-h.svg,square-h,512,E1 ENV SQUARE (96),E1,ENV SQUARE
fi-rr-square-heart.svg,square-heart,761,E1 ENV SQUARE (96),E1,ENV SQUARE
fi-rr-square-i.svg,square-i,516,E1 ENV SQUARE (96),E1,ENV SQUARE
fi-rr-square-info.svg,square-info,532,E1 ENV SQUARE (96),E1,ENV SQUARE
fi-rr-square-j.svg,square-j,518,E1 ENV SQUARE (96),E1,ENV SQUARE
fi-rr-square-k.svg,square-k,644,E1 ENV SQUARE (96),E1,ENV SQUARE
fi-rr-square-kanban.svg,square-kanban,606,E1 ENV SQUARE (96),E1,ENV SQUARE
fi-rr-square-l.svg,square-l,491,E1 ENV SQUARE (96),E1,ENV SQUARE
fi-rr-square-m.svg,square-m,662,E1 ENV SQUARE (96),E1,ENV SQUARE
fi-rr-square-minus.svg,square-minus,447,D11 LENGTH - (96); D13 DENSITY - (96); E1 ENV SQUARE (96); H5 TEMPO - (96),D11,LENGTH -
fi-rr-square-n.svg,square-n,594,E1 ENV SQUARE (96),E1,ENV SQUARE
fi-rr-square-o.svg,square-o,661,E1 ENV SQUARE (96),E1,ENV SQUARE
fi-rr-square-p.svg,square-p,565,E1 ENV SQUARE (96),E1,ENV SQUARE
fi-rr-square-pen.svg,square-pen,727,E1 ENV SQUARE (96),E1,ENV SQUARE
fi-rr-square-person-confined.svg,square-person-confined,940,E1 ENV SQUARE (96),E1,ENV SQUARE
fi-rr-square-phone-flip.svg,square-phone-flip,1076,E1 ENV SQUARE (96),E1,ENV SQUARE
fi-rr-square-phone-hangup.svg,square-phone-hangup,696,E1 ENV SQUARE (96),E1,ENV SQUARE
fi-rr-square-phone.svg,square-phone,1048,E1 ENV SQUARE (96),E1,ENV SQUARE
fi-rr-square-plus.svg,square-plus,521,D12 LENGTH + (96); D14 DENSITY + (96); E1 ENV SQUARE (96); H6 TEMPO + (96),D12,LENGTH +
fi-rr-square-poll-horizontal.svg,square-poll-horizontal,629,E1 ENV SQUARE (96),E1,ENV SQUARE
fi-rr-square-poll-vertical.svg,square-poll-vertical,626,E1 ENV SQUARE (96),E1,ENV SQUARE
fi-rr-square-q.svg,square-q,892,E1 ENV SQUARE (96),E1,ENV SQUARE
fi-rr-square-quote.svg,square-quote,693,E1 ENV SQUARE (96),E1,ENV SQUARE
fi-rr-square-r.svg,square-r,690,E1 ENV SQUARE (96),E1,ENV SQUARE
fi-rr-square-root.svg,square-root,591,E1 ENV SQUARE (96),E1,ENV SQUARE
fi-rr-square-s.svg,square-s,925,E1 ENV SQUARE (96),E1,ENV SQUARE
fi-rr-square-small.svg,square-small,406,E1 ENV SQUARE (96),E1,ENV SQUARE
fi-rr-square-star.svg,square-star,699,E1 ENV SQUARE (96),E1,ENV SQUARE
fi-rr-square-t.svg,square-t,485,E1 ENV SQUARE (96),E1,ENV SQUARE
fi-rr-square-terminal.svg,square-terminal,708,E1 ENV SQUARE (96),E1,ENV SQUARE
fi-rr-square-u.svg,square-u,506,E1 ENV SQUARE (96),E1,ENV SQUARE
fi-rr-square-up-right.svg,square-up-right,555,D10 POSITION + (96); D16 PITCH + (96); E1 ENV SQUARE (96),D10,POSITION +
fi-rr-square-v.svg,square-v,655,E1 ENV SQUARE (96),E1,ENV SQUARE
fi-rr-square-w.svg,square-w,770,E1 ENV SQUARE (96),E1,ENV SQUARE
fi-rr-square-x.svg,square-x,765,E1 ENV SQUARE (96),E1,ENV SQUARE
fi-rr-square-y.svg,square-y,587,E1 ENV SQUARE (96),E1,ENV SQUARE
fi-rr-square-z.svg,square-z,712,E1 ENV SQUARE (96),E1,ENV SQUARE
fi-rr-square.svg,square,298,E1 ENV SQUARE (121),E1,ENV SQUARE
fi-rr-squid.svg,squid,1448,,,
fi-rr-squircle.svg,squircle,776,,,
fi-rr-squirrel.svg,squirrel,1430,,,
fi-rr-stadium.svg,stadium,1050,,,
fi-rr-staff-wizard.svg,staff-wizard,637,,,
fi-rr-staff.svg,staff,575,,,
fi-rr-stage-concert.svg,stage-concert,868,H10 SCENE 2 (96); H11 SCENE 3 (96); H12 SCENE 4 (96); H13 SCENE 5 (96); H14 SCENE 6 (96); H15 SCENE 7 (96); H16 SCENE 8 (96); H9 SCENE 1 (96),H10,SCENE 2
fi-rr-stage-theatre.svg,stage-theatre,1145,H10 SCENE 2 (96); H11 SCENE 3 (96); H12 SCENE 4 (96); H13 SCENE 5 (96); H14 SCENE 6 (96); H15 SCENE 7 (96); H16 SCENE 8 (96); H9 SCENE 1 (96),H10,SCENE 2
fi-rr-stage.svg,stage,630,H10 SCENE 2 (121); H11 SCENE 3 (121); H12 SCENE 4 (121); H13 SCENE 5 (121); H14 SCENE 6 (121); H15 SCENE 7 (121); H16 SCENE 8 (121); H9 SCENE 1 (121),H10,SCENE 2
fi-rr-stairs.svg,stairs,476,,,
fi-rr-stamp.svg,stamp,820,,,
fi-rr-stamps.svg,stamps,2358,,,
fi-rr-standard-definition.svg,standard-definition,976,,,
fi-rr-stapler-paper.svg,stapler-paper,905,,,
fi-rr-stapler.svg,stapler,653,,,
fi-rr-star-and-crescent.svg,star-and-crescent,1128,,,
fi-rr-star-christmas.svg,star-christmas,950,,,
fi-rr-star-comment-alt.svg,star-comment-alt,843,,,
fi-rr-star-exclamation.svg,star-exclamation,1433,,,
fi-rr-star-microphone.svg,star-microphone,1068,A6 SOLO (96); H2 RECORD (96),A6,SOLO
fi-rr-star-octogram.svg,star-octogram,1067,,,
fi-rr-star-of-david.svg,star-of-david,1288,,,
fi-rr-star-rating-call.svg,star-rating-call,1435,,,
fi-rr-star-sharp-half-stroke.svg,star-sharp-half-stroke,913,,,
fi-rr-star-sharp-half.svg,star-sharp-half,729,,,
fi-rr-star-shooting.svg,star-shooting,1025,,,
fi-rr-star.svg,star,820,,,
fi-rr-starfighter.svg,starfighter,675,,,
fi-rr-stars.svg,stars,1150,A13 FX (121),A13,FX
fi-rr-state-country.svg,state-country,1113,,,
fi-rr-stationary-bike.svg,stationary-bike,1322,,,
fi-rr-stats.svg,stats,499,,,
fi-rr-steak.svg,steak,762,,,
fi-rr-steam-iron.svg,steam-iron,1063,,,
fi-rr-steering-wheel.svg,steering-wheel,864,,,
fi-rr-step-backward.svg,step-backward,681,B1 STEP 1 (96); B10 STEP 10 (96); B11 STEP 11 (96); B12 STEP 12 (96); B13 STEP 13 (96); B14 STEP 14 (96); B15 STEP 15 (96); B16 STEP 16 (96); B2 STEP 2 (96); B3 STEP 3 (96); B4 STEP 4 (96); B5 STEP 5 (96); B6 STEP 6 (96); B7 STEP 7 (96); B8 STEP 8 (96); B9 STEP 9 (96); D4 REVERSE (96); E12 REVERSE % (96); G13 REVERSE FX (96),B1,STEP 1
fi-rr-step-forward.svg,step-forward,678,B1 STEP 1 (96); B10 STEP 10 (96); B11 STEP 11 (96); B12 STEP 12 (96); B13 STEP 13 (96); B14 STEP 14 (96); B15 STEP 15 (96); B16 STEP 16 (96); B2 STEP 2 (96); B3 STEP 3 (96); B4 STEP 4 (96); B5 STEP 5 (96); B6 STEP 6 (96); B7 STEP 7 (96); B8 STEP 8 (96); B9 STEP 9 (96),B1,STEP 1
fi-rr-steps-carreer.svg,steps-carreer,1267,,,
fi-rr-sterling-sign.svg,sterling-sign,487,,,
fi-rr-stethoscope.svg,stethoscope,445,,,
fi-rr-sticker.svg,sticker,479,,,
fi-rr-stocking.svg,stocking,748,,,
fi-rr-stomach-ache.svg,stomach-ache,1233,,,
fi-rr-stomach-virus.svg,stomach-virus,1782,,,
fi-rr-stomach.svg,stomach,1016,,,
fi-rr-stop-circle.svg,stop-circle,504,G12 TAPE STOP (96); H1 PLAY/STOP (96),G12,TAPE STOP
fi-rr-stop-square.svg,stop-square,462,E1 ENV SQUARE (96); G12 TAPE STOP (96); H1 PLAY/STOP (96),E1,ENV SQUARE
fi-rr-stop.svg,stop,330,G12 TAPE STOP (121); H1 PLAY/STOP (121),G12,TAPE STOP
fi-rr-stopwatch.svg,stopwatch,622,,,
fi-rr-store-alt.svg,store-alt,1170,,,
fi-rr-store-buyer.svg,store-buyer,1354,,,
fi-rr-store-lock.svg,store-lock,1240,D2 HOLD/GATE (96),D2,HOLD/GATE
fi-rr-store-slash.svg,store-slash,1298,,,
fi-rr-story-book.svg,story-book,1532,,,
fi-rr-story-fairy-tale.svg,story-fairy-tale,1423,,,
fi-rr-story-fantasy.svg,story-fantasy,1865,,,
fi-rr-straightener.svg,straightener,1062,,,
fi-rr-strategy-chess-risk.svg,strategy-chess-risk,1699,,,
fi-rr-strawberry.svg,strawberry,1428,,,
fi-rr-streamer-boy.svg,streamer-boy,1207,,,
fi-rr-streamer-girl.svg,streamer-girl,1572,,,
fi-rr-streaming.svg,streaming,1048,,,
fi-rr-street-view.svg,street-view,898,,,
fi-rr-stretcher.svg,stretcher,712,,,
fi-rr-strikethrough.svg,strikethrough,830,,,
fi-rr-stroopwafel.svg,stroopwafel,1124,,,
fi-rr-student-alt.svg,student-alt,1556,,,
fi-rr-student.svg,student,1001,,,
fi-rr-subfolder.svg,subfolder,875,,,
fi-rr-subscript.svg,subscript,728,,,
fi-rr-subscription-alt.svg,subscription-alt,1153,,,
fi-rr-subscription-model.svg,subscription-model,1971,,,
fi-rr-subscription-plan.svg,subscription-plan,1699,,,
fi-rr-subscription-user.svg,subscription-user,996,,,
fi-rr-subscription.svg,subscription,2677,,,
fi-rr-subtitles-slash.svg,subtitles-slash,877,,,
fi-rr-subtitles.svg,subtitles,537,,,
fi-rr-subway.svg,subway,541,,,
fi-rr-suggestion.svg,suggestion,1404,,,
fi-rr-suitcase-alt.svg,suitcase-alt,587,,,
fi-rr-summary-check.svg,summary-check,1052,,,
fi-rr-summer.svg,summer,978,,,
fi-rr-sun-dust.svg,sun-dust,1795,,,
fi-rr-sun-plant-wilt.svg,sun-plant-wilt,1989,,,
fi-rr-sun-salutation-yoga.svg,sun-salutation-yoga,780,,,
fi-rr-sun.svg,sun,1008,,,
fi-rr-sunday.svg,sunday,1408,,,
fi-rr-sunglasses-alt.svg,sunglasses-alt,1211,,,
fi-rr-sunglasses.svg,sunglasses,986,,,
fi-rr-sunrise-alt.svg,sunrise-alt,800,,,
fi-rr-sunrise.svg,sunrise,1469,,,
fi-rr-sunscreen.svg,sunscreen,1631,,,
fi-rr-sunset.svg,sunset,807,,,
fi-rr-superscript.svg,superscript,742,,,
fi-rr-supplier-alt.svg,supplier-alt,1003,,,
fi-rr-supplier.svg,supplier,846,,,
fi-rr-supply-chain-steps.svg,supply-chain-steps,1601,,,
fi-rr-supply-chain.svg,supply-chain,2446,,,
fi-rr-surfing.svg,surfing,663,,,
fi-rr-surprise.svg,surprise,466,,,
fi-rr-surveillance-camera.svg,surveillance-camera,1062,D5 CAPTURE (96),D5,CAPTURE
fi-rr-survey-xmark.svg,survey-xmark,1353,,,
fi-rr-sushi-alt.svg,sushi-alt,1817,,,
fi-rr-sushi-roll.svg,sushi-roll,629,,,
fi-rr-sushi.svg,sushi,796,,,
fi-rr-svg.svg,svg,1723,,,
fi-rr-swap.svg,swap,841,,,
fi-rr-swatchbook.svg,swatchbook,864,,,
fi-rr-sweep.svg,sweep,1103,,,
fi-rr-swimmer.svg,swimmer,1196,,,
fi-rr-swimming-pool.svg,swimming-pool,1279,,,
fi-rr-swing.svg,swing,1475,,,
fi-rr-swipe-down.svg,swipe-down,1169,D15 PITCH - (96),D15,PITCH -
fi-rr-swipe-left.svg,swipe-left,1165,D9 POSITION - (96),D9,POSITION -
fi-rr-swipe-right.svg,swipe-right,1168,D10 POSITION + (96),D10,POSITION +
fi-rr-swipe-up.svg,swipe-up,1186,D16 PITCH + (96),D16,PITCH +
fi-rr-sword-alt.svg,sword-alt,1026,,,
fi-rr-sword-spade.svg,sword-spade,1319,,,
fi-rr-sword.svg,sword,762,,,
fi-rr-symbol.svg,symbol,349,,,
fi-rr-symbols.svg,symbols,1602,,,
fi-rr-synagogue.svg,synagogue,1162,,,
fi-rr-syringe-injection-blood.svg,syringe-injection-blood,1661,,,
fi-rr-syringe.svg,syringe,779,,,
fi-rr-system-cloud.svg,system-cloud,1396,A16 SYSTEM (96),A16,SYSTEM
fi-rr-system-restore.svg,system-restore,767,A16 SYSTEM (96),A16,SYSTEM
fi-rr-t-rex.svg,t-rex,1155,,,
fi-rr-t-square.svg,t-square,917,E1 ENV SQUARE (96),E1,ENV SQUARE
fi-rr-t.svg,t,276,,,
fi-rr-tab-folder.svg,tab-folder,667,E15 BANK - (96); E16 BANK + (96),E15,BANK -
fi-rr-table-columns.svg,table-columns,395,,,
fi-rr-table-layout.svg,table-layout,395,,,
fi-rr-table-list.svg,table-list,431,,,
fi-rr-table-picnic.svg,table-picnic,613,,,
fi-rr-table-pivot.svg,table-pivot,1036,,,
fi-rr-table-rows.svg,table-rows,394,,,
fi-rr-table-tree.svg,table-tree,625,,,
fi-rr-table.svg,table,443,,,
fi-rr-tablet-android-alt.svg,tablet-android-alt,441,,,
fi-rr-tablet-android.svg,tablet-android,425,,,
fi-rr-tablet-rugged.svg,tablet-rugged,830,,,
fi-rr-tablet.svg,tablet,366,,,
fi-rr-tachometer-alt-average.svg,tachometer-alt-average,721,,,
fi-rr-tachometer-alt-fastest.svg,tachometer-alt-fastest,678,,,
fi-rr-tachometer-alt-slow.svg,tachometer-alt-slow,738,H5 TEMPO - (96),H5,TEMPO -
fi-rr-tachometer-alt-slowest.svg,tachometer-alt-slowest,728,,,
fi-rr-tachometer-average.svg,tachometer-average,520,,,
fi-rr-tachometer-fast.svg,tachometer-fast,585,H6 TEMPO + (96),H6,TEMPO +
fi-rr-tachometer-fastest.svg,tachometer-fastest,580,,,
fi-rr-tachometer-slow.svg,tachometer-slow,558,H5 TEMPO - (96),H5,TEMPO -
fi-rr-tachometer-slowest.svg,tachometer-slowest,601,,,
fi-rr-tachometer.svg,tachometer,569,,,
fi-rr-taco.svg,taco,1079,,,
fi-rr-tags.svg,tags,1100,,,
fi-rr-tailor-chalk.svg,tailor-chalk,764,,,
fi-rr-takoyaki.svg,takoyaki,1223,,,
fi-rr-talent-alt.svg,talent-alt,1746,,,
fi-rr-talent-hand.svg,talent-hand,1835,,,
fi-rr-talent.svg,talent,1061,,,
fi-rr-tally-1.svg,tally-1,252,,,
fi-rr-tally-2.svg,tally-2,319,,,
fi-rr-tally-3.svg,tally-3,396,,,
fi-rr-tally-4.svg,tally-4,472,,,
fi-rr-tally.svg,tally,758,,,
fi-rr-tamale.svg,tamale,1413,,,
fi-rr-tank-water.svg,tank-water,1198,,,
fi-rr-tap.svg,tap,1135,H4 TAP TEMPO (121),H4,TAP TEMPO
fi-rr-tape-measure.svg,tape-measure,432,G12 TAPE STOP (96),G12,TAPE STOP
fi-rr-tape.svg,tape,474,G12 TAPE STOP (121),G12,TAPE STOP
fi-rr-target-audience.svg,target-audience,1766,,,
fi-rr-target.svg,target,537,,,
fi-rr-task-calendar.svg,task-calendar,1085,,,
fi-rr-task-checklist.svg,task-checklist,1497,,,
fi-rr-tasks.svg,tasks,794,,,
fi-rr-tattoo-machine.svg,tattoo-machine,1317,,,
fi-rr-tax-alt.svg,tax-alt,1531,,,
fi-rr-tax.svg,tax,1538,,,
fi-rr-taxi-bus.svg,taxi-bus,1369,,,
fi-rr-taxi.svg,taxi,818,,,
fi-rr-team-check-alt.svg,team-check-alt,1544,,,
fi-rr-team-check.svg,team-check,1147,,,
fi-rr-team-collaboration.svg,team-collaboration,2091,,,
fi-rr-team.svg,team,754,,,
fi-rr-teddy-bear.svg,teddy-bear,1897,,,
fi-rr-teeth-open.svg,teeth-open,1231,,,
fi-rr-telescope.svg,telescope,921,,,
fi-rr-temperature-down.svg,temperature-down,649,D15 PITCH - (96),D15,PITCH -
fi-rr-temperature-frigid.svg,temperature-frigid,2893,,,
fi-rr-temperature-high.svg,temperature-high,601,,,
fi-rr-temperature-list.svg,temperature-list,911,,,
fi-rr-temperature-low.svg,temperature-low,600,,,
fi-rr-temperature-up.svg,temperature-up,657,D16 PITCH + (96),D16,PITCH +
fi-rr-template-alt.svg,template-alt,985,,,
fi-rr-template.svg,template,854,,,
fi-rr-tenge.svg,tenge,360,,,
fi-rr-tennis.svg,tennis,545,,,
fi-rr-tent-arrow-down-to-line.svg,tent-arrow-down-to-line,1113,D15 PITCH - (97),D15,PITCH -
fi-rr-tent-arrow-left-right.svg,tent-arrow-left-right,1317,D9 POSITION - (97); H7 PATTERN - (97); D10 POSITION + (96),D9,POSITION -
fi-rr-tent-arrow-turn-left.svg,tent-arrow-turn-left,1152,D9 POSITION - (96),D9,POSITION -
fi-rr-tent-arrows-down.svg,tent-arrows-down,1391,D15 PITCH - (96),D15,PITCH -
fi-rr-tents.svg,tents,1245,,,
fi-rr-terminal.svg,terminal,451,,,
fi-rr-terms-check.svg,terms-check,829,,,
fi-rr-terms-info.svg,terms-info,872,,,
fi-rr-terrace.svg,terrace,922,,,
fi-rr-test-tube.svg,test-tube,260,,,
fi-rr-test.svg,test,759,,,
fi-rr-text-box-dots.svg,text-box-dots,625,A10 GRANULAR (96),A10,GRANULAR
fi-rr-text-box-edit.svg,text-box-edit,994,,,
fi-rr-text-box.svg,text-box,1104,,,
fi-rr-text-check.svg,text-check,430,,,
fi-rr-text-height.svg,text-height,782,,,
fi-rr-text-input-left.svg,text-input-left,991,D9 POSITION - (96); E13 SOURCE - (96); E14 SOURCE + (96),D9,POSITION -
fi-rr-text-shadow.svg,text-shadow,741,,,
fi-rr-text-size.svg,text-size,567,,,
fi-rr-text-slash.svg,text-slash,693,,,
fi-rr-text-width.svg,text-width,832,,,
fi-rr-text.svg,text,464,,,
fi-rr-thaw.svg,thaw,1329,,,
fi-rr-theater-masks.svg,theater-masks,1876,,,
fi-rr-thermometer-alt.svg,thermometer-alt,1011,,,
fi-rr-thermometer-empty.svg,thermometer-empty,628,,,
fi-rr-thermometer-full.svg,thermometer-full,702,,,
fi-rr-thermometer-half.svg,thermometer-half,411,,,
fi-rr-thermometer-notification.svg,thermometer-notification,881,,,
fi-rr-thermometer-quarter.svg,thermometer-quarter,707,,,
fi-rr-thermometer-three-quarters.svg,thermometer-three-quarters,711,,,
fi-rr-theta.svg,theta,379,,,
fi-rr-thimble.svg,thimble,894,,,
fi-rr-third-award.svg,third-award,3277,,,
fi-rr-third-laurel.svg,third-laurel,3064,,,
fi-rr-third-medal.svg,third-medal,1193,,,
fi-rr-third.svg,third,760,,,
fi-rr-thought-bubble.svg,thought-bubble,1348,,,
fi-rr-three-direction.svg,three-direction,869,,,
fi-rr-three-leaf-clover.svg,three-leaf-clover,1673,,,
fi-rr-throat.svg,throat,1049,,,
fi-rr-thumbs-up-trust.svg,thumbs-up-trust,1165,D16 PITCH + (96),D16,PITCH +
fi-rr-thumbtack-slash.svg,thumbtack-slash,1320,,,
fi-rr-thumbtack.svg,thumbtack,1212,,,
fi-rr-thunderstorm-moon.svg,thunderstorm-moon,1239,,,
fi-rr-thunderstorm-risk.svg,thunderstorm-risk,1139,,,
fi-rr-thunderstorm-sun.svg,thunderstorm-sun,1442,,,
fi-rr-thunderstorm.svg,thunderstorm,974,,,
fi-rr-thursday.svg,thursday,964,,,
fi-rr-ticket-airline.svg,ticket-airline,1076,,,
fi-rr-ticket-alt.svg,ticket-alt,716,,,
fi-rr-ticket.svg,ticket,648,,,
fi-rr-tickets-airline.svg,tickets-airline,1039,,,
fi-rr-tickets.svg,tickets,798,,,
fi-rr-tie.svg,tie,763,,,
fi-rr-tiff-file.svg,tiff-file,1223,,,
fi-rr-tilde.svg,tilde,554,,,
fi-rr-tile.svg,tile,1525,,,
fi-rr-time-add.svg,time-add,451,,,
fi-rr-time-check.svg,time-check,615,,,
fi-rr-time-delete.svg,time-delete,553,,,
fi-rr-time-fast.svg,time-fast,564,H6 TEMPO + (96),H6,TEMPO +
fi-rr-time-forward-sixty.svg,time-forward-sixty,730,,,
fi-rr-time-forward-ten.svg,time-forward-ten,626,,,
fi-rr-time-forward-thirty.svg,time-forward-thirty,996,,,
fi-rr-time-forward.svg,time-forward,426,,,
fi-rr-time-half-past.svg,time-half-past,616,,,
fi-rr-time-management.svg,time-management,1966,,,
fi-rr-time-money.svg,time-money,1778,,,
fi-rr-time-oclock.svg,time-oclock,316,,,
fi-rr-time-past.svg,time-past,423,,,
fi-rr-time-quarter-past.svg,time-quarter-past,795,,,
fi-rr-time-quarter-to.svg,time-quarter-to,475,,,
fi-rr-time-twenty-four.svg,time-twenty-four,685,,,
fi-rr-time-watch-calendar.svg,time-watch-calendar,868,,,
fi-rr-timeline-arrow.svg,timeline-arrow,1038,A14 SEQ (96),A14,SEQ
fi-rr-timeline.svg,timeline,665,A14 SEQ (121),A14,SEQ
fi-rr-timer-clock-call.svg,timer-clock-call,1314,D7 SYNC/FREE (96); G6 DELAY (96),D7,SYNC/FREE
fi-rr-times-hexagon.svg,times-hexagon,1025,,,
fi-rr-tint-slash.svg,tint-slash,1051,,,
fi-rr-tip-button-hand.svg,tip-button-hand,2120,,,
fi-rr-tip-button.svg,tip-button,1290,,,
fi-rr-tip-coin.svg,tip-coin,1308,,,
fi-rr-tire-flat.svg,tire-flat,1278,,,
fi-rr-tire-pressure-warning.svg,tire-pressure-warning,631,,,
fi-rr-tire-rugged.svg,tire-rugged,2074,,,
fi-rr-tire.svg,tire,1080,,,
fi-rr-tired.svg,tired,745,,,
fi-rr-to-do-alt.svg,to-do-alt,1279,,,
fi-rr-to-do.svg,to-do,1357,,,
fi-rr-together-people.svg,together-people,1324,,,
fi-rr-toggle-off.svg,toggle-off,452,,,
fi-rr-toggle-on.svg,toggle-on,392,,,
fi-rr-toilet-paper-blank-under.svg,toilet-paper-blank-under,838,,,
fi-rr-toilet-paper-blank.svg,toilet-paper-blank,708,,,
fi-rr-toilet-paper-slash.svg,toilet-paper-slash,1016,,,
fi-rr-toilet-paper-under-slash.svg,toilet-paper-under-slash,1234,,,
fi-rr-toilet-paper-under.svg,toilet-paper-under,996,,,
fi-rr-toilet-paper-xmark.svg,toilet-paper-xmark,1070,,,
fi-rr-toilet.svg,toilet,852,,,
fi-rr-toilets-portable.svg,toilets-portable,784,,,
fi-rr-token.svg,token,828,,,
fi-rr-tomato.svg,tomato,688,,,
fi-rr-tombstone-alt.svg,tombstone-alt,342,,,
fi-rr-tombstone.svg,tombstone,498,,,
fi-rr-tool-box.svg,tool-box,673,,,
fi-rr-tool-crop.svg,tool-crop,329,,,
fi-rr-tool-marquee.svg,tool-marquee,660,,,
fi-rr-tools.svg,tools,2066,,,
fi-rr-tooth.svg,tooth,799,,,
fi-rr-toothache.svg,toothache,1362,,,
fi-rr-toothbrush.svg,toothbrush,835,,,
fi-rr-toothpaste.svg,toothpaste,897,,,
fi-rr-torch-inspiration-leader.svg,torch-inspiration-leader,935,,,
fi-rr-torch.svg,torch,3296,,,
fi-rr-torii-gate.svg,torii-gate,954,D2 HOLD/GATE (96),D2,HOLD/GATE
fi-rr-tornado.svg,tornado,396,,,
fi-rr-total.svg,total,634,,,
fi-rr-tour-guide-people.svg,tour-guide-people,1134,,,
fi-rr-tour-virtual.svg,tour-virtual,1192,,,
fi-rr-towel.svg,towel,593,,,
fi-rr-tower-chain.svg,tower-chain,1055,,,
fi-rr-tower-control.svg,tower-control,965,,,
fi-rr-track.svg,track,1023,,,
fi-rr-tractor.svg,tractor,1077,,,
fi-rr-trademark.svg,trademark,570,,,
fi-rr-trading.svg,trading,1158,,,
fi-rr-traffic-cone.svg,traffic-cone,511,,,
fi-rr-traffic-light-go.svg,traffic-light-go,671,,,
fi-rr-traffic-light-slow.svg,traffic-light-slow,670,H5 TEMPO - (96),H5,TEMPO -
fi-rr-traffic-light-stop.svg,traffic-light-stop,670,G12 TAPE STOP (96); H1 PLAY/STOP (96),G12,TAPE STOP
fi-rr-traffic-light.svg,traffic-light,556,,,
fi-rr-trailer.svg,trailer,1484,,,
fi-rr-train-clock.svg,train-clock,887,D7 SYNC/FREE (96); G6 DELAY (96),D7,SYNC/FREE
fi-rr-train-journey.svg,train-journey,1155,,,
fi-rr-train-side.svg,train-side,491,,,
fi-rr-train-station-building.svg,train-station-building,1405,,,
fi-rr-train-station.svg,train-station,788,,,
fi-rr-train-subway-tunnel.svg,train-subway-tunnel,869,,,
fi-rr-train-track.svg,train-track,2000,,,
fi-rr-train-tram.svg,train-tram,1034,,,
fi-rr-train.svg,train,908,,,
fi-rr-tram.svg,tram,660,,,
fi-rr-transaction-euro.svg,transaction-euro,1571,,,
fi-rr-transaction-globe.svg,transaction-globe,1699,,,
fi-rr-transaction-yen.svg,transaction-yen,1359,,,
fi-rr-transcript.svg,transcript,1225,,,
fi-rr-transcription.svg,transcription,1067,,,
fi-rr-transform.svg,transform,550,,,
fi-rr-transformation-block.svg,transformation-block,1330,,,
fi-rr-transformation-circle.svg,transformation-circle,855,,,
fi-rr-transformation-design.svg,transformation-design,1067,,,
fi-rr-transformation-shapes.svg,transformation-shapes,1158,,,
fi-rr-transformer-bolt.svg,transformer-bolt,861,,,
fi-rr-transgender.svg,transgender,935,,,
fi-rr-translate.svg,translate,1763,,,
fi-rr-translation-app.svg,translation-app,1640,,,
fi-rr-translation.svg,translation,2251,,,
fi-rr-transparency.svg,transparency,1788,,,
fi-rr-transporter-1.svg,transporter-1,1406,,,
fi-rr-transporter-2.svg,transporter-2,1401,,,
fi-rr-transporter-3.svg,transporter-3,1150,,,
fi-rr-transporter-4.svg,transporter-4,1131,,,
fi-rr-transporter-5.svg,transporter-5,1056,,,
fi-rr-transporter-6.svg,transporter-6,983,,,
fi-rr-transporter-7.svg,transporter-7,836,,,
fi-rr-transporter-empty.svg,transporter-empty,248,,,
fi-rr-transporter.svg,transporter,1306,,,
fi-rr-trash-bag.svg,trash-bag,2339,,,
fi-rr-trash-can-check.svg,trash-can-check,759,,,
fi-rr-trash-can-clock.svg,trash-can-clock,774,D7 SYNC/FREE (96); G6 DELAY (96),D7,SYNC/FREE
fi-rr-trash-can-list.svg,trash-can-list,703,,,
fi-rr-trash-can-plus.svg,trash-can-plus,634,D12 LENGTH + (96); D14 DENSITY + (96); H6 TEMPO + (96),D12,LENGTH +
fi-rr-trash-can-slash.svg,trash-can-slash,782,,,
fi-rr-trash-check.svg,trash-check,866,,,
fi-rr-trash-clock.svg,trash-clock,901,D7 SYNC/FREE (96); G6 DELAY (96),D7,SYNC/FREE
fi-rr-trash-empty.svg,trash-empty,1179,,,
fi-rr-trash-list.svg,trash-list,844,,,
fi-rr-trash-plus.svg,trash-plus,774,D12 LENGTH + (96); D14 DENSITY + (96); H6 TEMPO + (96),D12,LENGTH +
fi-rr-trash-restore-alt.svg,trash-restore-alt,756,,,
fi-rr-trash-restore.svg,trash-restore,890,,,
fi-rr-trash-slash.svg,trash-slash,853,,,
fi-rr-trash-undo-alt.svg,trash-undo-alt,800,,,
fi-rr-trash-undo.svg,trash-undo,932,,,
fi-rr-trash-xmark.svg,trash-xmark,970,,,
fi-rr-trash.svg,trash,542,,,
fi-rr-trauma.svg,trauma,1545,,,
fi-rr-traveler-camera.svg,traveler-camera,910,D5 CAPTURE (96),D5,CAPTURE
fi-rr-treadmill.svg,treadmill,1141,,,
fi-rr-treasure-chest.svg,treasure-chest,733,,,
fi-rr-treatment.svg,treatment,618,,,
fi-rr-tree-alt.svg,tree-alt,1510,,,
fi-rr-tree-christmas.svg,tree-christmas,1189,,,
fi-rr-tree-deciduous.svg,tree-deciduous,988,,,
fi-rr-tree-sapling.svg,tree-sapling,1343,,,
fi-rr-tree.svg,tree,1034,,,
fi-rr-trees-alt.svg,trees-alt,2223,,,
fi-rr-trees.svg,trees,2039,,,
fi-rr-triangle-arrow-bolt.svg,triangle-arrow-bolt,1545,E5 ENV TRIANGLE (96),E5,ENV TRIANGLE
fi-rr-triangle-music.svg,triangle-music,1136,A11 SYNTH (96); E5 ENV TRIANGLE (96); F1 NOTE 1 (96); F10 NOTE 10 (96); F11 NOTE 11 (96); F12 NOTE 12 (96); F13 NOTE 13 (96); F14 NOTE 14 (96); F15 NOTE 15 (96); F16 NOTE 16 (96); F2 NOTE 2 (96); F3 NOTE 3 (96); F4 NOTE 4 (96); F5 NOTE 5 (96); F6 NOTE 6 (96); F7 NOTE 7 (96); F8 NOTE 8 (96); F9 NOTE 9 (96),A11,SYNTH
fi-rr-triangle-person-digging.svg,triangle-person-digging,1318,E5 ENV TRIANGLE (96),E5,ENV TRIANGLE
fi-rr-triangle-warning.svg,triangle-warning,713,E5 ENV TRIANGLE (96),E5,ENV TRIANGLE
fi-rr-triangle.svg,triangle,567,E5 ENV TRIANGLE (121),E5,ENV TRIANGLE
fi-rr-tricycle.svg,tricycle,1082,,,
fi-rr-trillium.svg,trillium,2181,,,
fi-rr-trombone.svg,trombone,949,,,
fi-rr-troph-cap.svg,troph-cap,1896,,,
fi-rr-trophy-achievement-skill.svg,trophy-achievement-skill,1248,,,
fi-rr-trophy-star.svg,trophy-star,1774,,,
fi-rr-trophy.svg,trophy,1190,,,
fi-rr-tropical-fish.svg,tropical-fish,1779,,,
fi-rr-truck-arrow-left.svg,truck-arrow-left,1265,D9 POSITION - (97); H7 PATTERN - (97),D9,POSITION -
fi-rr-truck-arrow-right.svg,truck-arrow-right,1168,D10 POSITION + (97); H8 PATTERN + (97),D10,POSITION +
fi-rr-truck-bolt.svg,truck-bolt,985,,,
fi-rr-truck-box.svg,truck-box,1170,,,
fi-rr-truck-check.svg,truck-check,1108,,,
fi-rr-truck-container-empty.svg,truck-container-empty,905,,,
fi-rr-truck-container.svg,truck-container,896,,,
fi-rr-truck-couch.svg,truck-couch,784,,,
fi-rr-truck-droplet.svg,truck-droplet,1352,,,
fi-rr-truck-fire.svg,truck-fire,1184,G8 DRIVE (96),G8,DRIVE
fi-rr-truck-flatbed.svg,truck-flatbed,686,,,
fi-rr-truck-front.svg,truck-front,855,,,
fi-rr-truck-ladder.svg,truck-ladder,1132,,,
fi-rr-truck-loading.svg,truck-loading,790,,,
fi-rr-truck-medical.svg,truck-medical,800,,,
fi-rr-truck-monster.svg,truck-monster,1403,,,
fi-rr-truck-moving.svg,truck-moving,668,,,
fi-rr-truck-pickup.svg,truck-pickup,525,,,
fi-rr-truck-plow.svg,truck-plow,1667,,,
fi-rr-truck-ramp.svg,truck-ramp,379,,,
fi-rr-truck-side.svg,truck-side,704,,,
fi-rr-truck-tow.svg,truck-tow,1105,,,
fi-rr-truck-utensils.svg,truck-utensils,1293,,,
fi-rr-true-or-false.svg,true-or-false,1056,,,
fi-rr-truecrime-podcast.svg,truecrime-podcast,2132,,,
fi-rr-trumpet.svg,trumpet,897,,,
fi-rr-trust-alt.svg,trust-alt,1570,,,
fi-rr-trust.svg,trust,1467,,,
fi-rr-tshirt.svg,tshirt,834,,,
fi-rr-tty-answer.svg,tty-answer,1503,,,
fi-rr-tty.svg,tty,1623,,,
fi-rr-tubes.svg,tubes,522,,,
fi-rr-tuesday.svg,tuesday,984,,,
fi-rr-tugrik-sign.svg,tugrik-sign,636,,,
fi-rr-turkey.svg,turkey,898,,,
fi-rr-turn-left-down.svg,turn-left-down,535,D15 PITCH - (96); D9 POSITION - (96),D15,PITCH -
fi-rr-turn-left.svg,turn-left,548,D9 POSITION - (96),D9,POSITION -
fi-rr-turn-right.svg,turn-right,562,D10 POSITION + (96),D10,POSITION +
fi-rr-turntable.svg,turntable,771,,,
fi-rr-turtle.svg,turtle,1919,,,
fi-rr-tv-music.svg,tv-music,604,A11 SYNTH (96); F1 NOTE 1 (96); F10 NOTE 10 (96); F11 NOTE 11 (96); F12 NOTE 12 (96); F13 NOTE 13 (96); F14 NOTE 14 (96); F15 NOTE 15 (96); F16 NOTE 16 (96); F2 NOTE 2 (96); F3 NOTE 3 (96); F4 NOTE 4 (96); F5 NOTE 5 (96); F6 NOTE 6 (96); F7 NOTE 7 (96); F8 NOTE 8 (96); F9 NOTE 9 (96),A11,SYNTH
fi-rr-tv-retro.svg,tv-retro,794,,,
fi-rr-two-hands-box.svg,two-hands-box,1683,,,
fi-rr-two-nails.svg,two-nails,1057,,,
fi-rr-two-paperclip.svg,two-paperclip,948,,,
fi-rr-two-swords.svg,two-swords,1540,,,
fi-rr-typewriter.svg,typewriter,1178,,,
fi-rr-u.svg,u,325,,,
fi-rr-ufo-beam.svg,ufo-beam,1061,,,
fi-rr-ufo.svg,ufo,889,,,
fi-rr-ui-ux.svg,ui-ux,989,,,
fi-rr-uk-country-code.svg,uk-country-code,796,,,
fi-rr-umbrella-beach.svg,umbrella-beach,1372,,,
fi-rr-umbrella.svg,umbrella,627,,,
fi-rr-under-construction.svg,under-construction,953,,,
fi-rr-underline.svg,underline,314,,,
fi-rr-undo-alt.svg,undo-alt,434,,,
fi-rr-undo.svg,undo,478,,,
fi-rr-unicorn.svg,unicorn,1418,,,
fi-rr-uniform-martial-arts.svg,uniform-martial-arts,990,,,
fi-rr-united-kingdom.svg,united-kingdom,2719,,,
fi-rr-universal-access.svg,universal-access,719,,,
fi-rr-unlock.svg,unlock,457,,,
fi-rr-up-from-bracket.svg,up-from-bracket,1069,D16 PITCH + (96),D16,PITCH +
fi-rr-up-left.svg,up-left,791,D16 PITCH + (96); D9 POSITION - (96),D16,PITCH +
fi-rr-up-right-from-square.svg,up-right-from-square,576,D10 POSITION + (96); D16 PITCH + (96); E1 ENV SQUARE (96),D10,POSITION +
fi-rr-up-right.svg,up-right,790,D10 POSITION + (96); D16 PITCH + (96),D10,POSITION +
fi-rr-up.svg,up,721,D16 PITCH + (121),D16,PITCH +
fi-rr-upload.svg,upload,503,,,
fi-rr-urban-planning.svg,urban-planning,1056,,,
fi-rr-url.svg,url,1675,,,
fi-rr-urology.svg,urology,2142,,,
fi-rr-usa-map-pin.svg,usa-map-pin,2281,,,
fi-rr-usa-map.svg,usa-map,1772,,,
fi-rr-usb-alert.svg,usb-alert,870,,,
fi-rr-usb-pendrive.svg,usb-pendrive,429,,,
fi-rr-usb-scan.svg,usb-scan,1149,,,
fi-rr-usb-wifi.svg,usb-wifi,1288,,,
fi-rr-usd-circle.svg,usd-circle,883,,,
fi-rr-usd-square.svg,usd-square,932,E1 ENV SQUARE (96),E1,ENV SQUARE
fi-rr-user-add.svg,user-add,428,,,
fi-rr-user-alien.svg,user-alien,1131,,,
fi-rr-user-astronaut.svg,user-astronaut,913,,,
fi-rr-user-bag.svg,user-bag,800,,,
fi-rr-user-basket.svg,user-basket,879,,,
fi-rr-user-beard.svg,user-beard,1394,,,
fi-rr-user-check.svg,user-check,690,,,
fi-rr-user-chef.svg,user-chef,1273,,,
fi-rr-user-circle-down.svg,user-circle-down,875,D15 PITCH - (96),D15,PITCH -
fi-rr-user-circle-left.svg,user-circle-left,871,D9 POSITION - (96),D9,POSITION -
fi-rr-user-circle-right.svg,user-circle-right,874,D10 POSITION + (96),D10,POSITION +
fi-rr-user-circle-up.svg,user-circle-up,881,D16 PITCH + (96),D16,PITCH +
fi-rr-user-coach.svg,user-coach,665,,,
fi-rr-user-cowboy.svg,user-cowboy,1234,,,
fi-rr-user-crown.svg,user-crown,651,,,
fi-rr-user-dj.svg,user-dj,1036,,,
fi-rr-user-doctor-hair-long.svg,user-doctor-hair-long,1353,,,
fi-rr-user-doctor-hair.svg,user-doctor-hair,944,,,
fi-rr-user-down.svg,user-down,800,D15 PITCH - (96),D15,PITCH -
fi-rr-user-eating.svg,user-eating,1230,,,
fi-rr-user-experience.svg,user-experience,1246,,,
fi-rr-user-fast-running.svg,user-fast-running,1262,H6 TEMPO + (96),H6,TEMPO +
fi-rr-user-forbidden-alt.svg,user-forbidden-alt,833,,,
fi-rr-user-forbidden.svg,user-forbidden,820,,,
fi-rr-user-gear.svg,user-gear,1264,A16 SYSTEM (96),A16,SYSTEM
fi-rr-user-graduate.svg,user-graduate,1117,,,
fi-rr-user-group-crown.svg,user-group-crown,972,,,
fi-rr-user-hair-buns.svg,user-hair-buns,716,,,
fi-rr-user-hair-mullet.svg,user-hair-mullet,916,,,
fi-rr-user-hard-work.svg,user-hard-work,896,,,
fi-rr-user-headset.svg,user-headset,1226,,,
fi-rr-user-helmet-safety.svg,user-helmet-safety,766,,,
fi-rr-user-hoodie.svg,user-hoodie,910,,,
fi-rr-user-india.svg,user-india,1235,,,
fi-rr-user-injured.svg,user-injured,593,,,
fi-rr-user-interface-ui.svg,user-interface-ui,552,,,
fi-rr-user-key.svg,user-key,1334,,,
fi-rr-user-language.svg,user-language,1835,,,
fi-rr-user-left.svg,user-left,780,D9 POSITION - (96),D9,POSITION -
fi-rr-user-link.svg,user-link,1190,,,
fi-rr-user-lock.svg,user-lock,858,D2 HOLD/GATE (96),D2,HOLD/GATE
fi-rr-user-logout.svg,user-logout,898,,,
fi-rr-user-mask.svg,user-mask,1119,,,
fi-rr-user-md-chat.svg,user-md-chat,1386,,,
fi-rr-user-md.svg,user-md,782,,,
fi-rr-user-minus.svg,user-minus,499,D11 LENGTH - (96); D13 DENSITY - (96); H5 TEMPO - (96),D11,LENGTH -
fi-rr-user-moustache.svg,user-moustache,2170,,,
fi-rr-user-music.svg,user-music,913,A11 SYNTH (96); F1 NOTE 1 (96); F10 NOTE 10 (96); F11 NOTE 11 (96); F12 NOTE 12 (96); F13 NOTE 13 (96); F14 NOTE 14 (96); F15 NOTE 15 (96); F16 NOTE 16 (96); F2 NOTE 2 (96); F3 NOTE 3 (96); F4 NOTE 4 (96); F5 NOTE 5 (96); F6 NOTE 6 (96); F7 NOTE 7 (96); F8 NOTE 8 (96); F9 NOTE 9 (96),A11,SYNTH
fi-rr-user-ninja.svg,user-ninja,1209,,,
fi-rr-user-nurse-hair-long.svg,user-nurse-hair-long,1363,,,
fi-rr-user-nurse-hair.svg,user-nurse-hair,838,,,
fi-rr-user-nurse.svg,user-nurse,997,,,
fi-rr-user-pen-head.svg,user-pen-head,1545,,,
fi-rr-user-pen.svg,user-pen,913,,,
fi-rr-user-permissions.svg,user-permissions,1240,,,
fi-rr-user-pilot-tie.svg,user-pilot-tie,1145,,,
fi-rr-user-pilot.svg,user-pilot,1060,,,
fi-rr-user-pizza-delivery.svg,user-pizza-delivery,690,,,
fi-rr-user-plumber.svg,user-plumber,1275,,,
fi-rr-user-police.svg,user-police,1068,,,
fi-rr-user-question.svg,user-question,941,,,
fi-rr-user-right.svg,user-right,791,D10 POSITION + (96),D10,POSITION +
fi-rr-user-roadmap.svg,user-roadmap,870,,,
fi-rr-user-robot-xmarks.svg,user-robot-xmarks,1321,,,
fi-rr-user-robot.svg,user-robot,829,,,
fi-rr-user-salary.svg,user-salary,1053,,,
fi-rr-user-shakespeare.svg,user-shakespeare,1361,,,
fi-rr-user-shield.svg,user-shield,903,,,
fi-rr-user-sitting-toilet.svg,user-sitting-toilet,1061,,,
fi-rr-user-skill-gear.svg,user-skill-gear,2403,A16 SYSTEM (96),A16,SYSTEM
fi-rr-user-slash.svg,user-slash,735,,,
fi-rr-user-speaking.svg,user-speaking,1144,,,
fi-rr-user-stress.svg,user-stress,1722,,,
fi-rr-user-suitcase.svg,user-suitcase,1710,,,
fi-rr-user-tag.svg,user-tag,1017,,,
fi-rr-user-tie-hair-long.svg,user-tie-hair-long,1157,,,
fi-rr-user-tie-hair.svg,user-tie-hair,737,,,
fi-rr-user-time.svg,user-time,549,,,
fi-rr-user-trust.svg,user-trust,866,,,
fi-rr-user-unlock.svg,user-unlock,921,,,
fi-rr-user-up.svg,user-up,788,D16 PITCH + (96),D16,PITCH +
fi-rr-user-visor.svg,user-visor,919,,,
fi-rr-user-vneck-hair-long.svg,user-vneck-hair-long,1289,,,
fi-rr-user-vneck-hair.svg,user-vneck-hair,855,,,
fi-rr-user-volunteer.svg,user-volunteer,626,,,
fi-rr-user-writer.svg,user-writer,838,,,
fi-rr-user-xmark.svg,user-xmark,787,,,
fi-rr-user.svg,user,340,,,
fi-rr-users-alt.svg,users-alt,586,,,
fi-rr-users-class.svg,users-class,1162,,,
fi-rr-users-gear.svg,users-gear,1820,A16 SYSTEM (96),A16,SYSTEM
fi-rr-users-loyalty.svg,users-loyalty,2123,,,
fi-rr-users-medical.svg,users-medical,1214,,,
fi-rr-users-slash.svg,users-slash,1537,,,
fi-rr-users-speaking.svg,users-speaking,1553,,,
fi-rr-users.svg,users,525,,,
fi-rr-utensils-slash.svg,utensils-slash,1034,,,
fi-rr-utensils.svg,utensils,530,,,
fi-rr-utility-pole-double.svg,utility-pole-double,861,,,
fi-rr-utility-pole.svg,utility-pole,603,,,
fi-rr-uv-sign.svg,uv-sign,1264,,,
fi-rr-ux-browser.svg,ux-browser,1081,,,
fi-rr-ux.svg,ux,866,,,
fi-rr-v.svg,v,458,,,
fi-rr-vacuum-cleaner.svg,vacuum-cleaner,817,,,
fi-rr-vacuum-robot.svg,vacuum-robot,810,,,
fi-rr-vacuum.svg,vacuum,775,,,
fi-rr-validating-receipt.svg,validating-receipt,1516,,,
fi-rr-value-absolute.svg,value-absolute,689,,,
fi-rr-van-fast.svg,van-fast,975,H6 TEMPO + (96),H6,TEMPO +
fi-rr-van-front.svg,van-front,671,,,
fi-rr-vault.svg,vault,677,,,
fi-rr-vector-alt.svg,vector-alt,692,,,
fi-rr-vector-circle.svg,vector-circle,1087,,,
fi-rr-vector-polygon.svg,vector-polygon,879,E2 ENV TRAPEZOID (96),E2,ENV TRAPEZOID
fi-rr-vector.svg,vector,1201,,,
fi-rr-vegan.svg,vegan,2206,,,
fi-rr-venus-double.svg,venus-double,586,,,
fi-rr-venus-mars.svg,venus-mars,561,,,
fi-rr-venus.svg,venus,330,,,
fi-rr-vest-patches.svg,vest-patches,1156,,,
fi-rr-vest.svg,vest,927,,,
fi-rr-video-arrow-down-left.svg,video-arrow-down-left,893,D15 PITCH - (97); D9 POSITION - (96),D15,PITCH -
fi-rr-video-arrow-up-right.svg,video-arrow-up-right,908,D16 PITCH + (97); D10 POSITION + (96),D16,PITCH +
fi-rr-video-cam-alert.svg,video-cam-alert,932,,,
fi-rr-video-camera-alt.svg,video-camera-alt,702,D5 CAPTURE (96),D5,CAPTURE
fi-rr-video-camera.svg,video-camera,1168,D5 CAPTURE (96),D5,CAPTURE
fi-rr-video-duration.svg,video-duration,799,,,
fi-rr-video-folder.svg,video-folder,1103,E15 BANK - (96); E16 BANK + (96),E15,BANK -
fi-rr-video-lesson.svg,video-lesson,1218,,,
fi-rr-video-plus.svg,video-plus,834,D12 LENGTH + (96); D14 DENSITY + (96); H6 TEMPO + (96),D12,LENGTH +
fi-rr-video-recording.svg,video-recording,1350,H2 RECORD (96); H3 OVERDUB (96),H2,RECORD
fi-rr-video-slash.svg,video-slash,1055,,,
fi-rr-videoconference.svg,videoconference,1517,,,
fi-rr-vihara.svg,vihara,862,,,
fi-rr-violin.svg,violin,1523,,,
fi-rr-virtual-assistant.svg,virtual-assistant,1097,,,
fi-rr-virus-scan.svg,virus-scan,1306,,,
fi-rr-virus-slash.svg,virus-slash,2309,,,
fi-rr-virus.svg,virus,2487,,,
fi-rr-viruses.svg,viruses,2041,,,
fi-rr-vision-sense.svg,vision-sense,1656,,,
fi-rr-vision-target.svg,vision-target,1011,,,
fi-rr-vision.svg,vision,1467,,,
fi-rr-visit.svg,visit,1425,,,
fi-rr-voice-bot.svg,voice-bot,1282,,,
fi-rr-voice-command.svg,voice-command,866,,,
fi-rr-voice-note.svg,voice-note,1340,F1 NOTE 1 (96); F10 NOTE 10 (96); F11 NOTE 11 (96); F12 NOTE 12 (96); F13 NOTE 13 (96); F14 NOTE 14 (96); F15 NOTE 15 (96); F16 NOTE 16 (96); F2 NOTE 2 (96); F3 NOTE 3 (96); F4 NOTE 4 (96); F5 NOTE 5 (96); F6 NOTE 6 (96); F7 NOTE 7 (96); F8 NOTE 8 (96); F9 NOTE 9 (96),F1,NOTE 1
fi-rr-voicemail.svg,voicemail,552,,,
fi-rr-volcano.svg,volcano,1183,,,
fi-rr-volleyball-player.svg,volleyball-player,830,,,
fi-rr-volleyball.svg,volleyball,1671,,,
fi-rr-volume-control.svg,volume-control,983,,,
fi-rr-volume-down.svg,volume-down,916,D15 PITCH - (96),D15,PITCH -
fi-rr-volume-mute.svg,volume-mute,1071,A5 MUTE (122),A5,MUTE
fi-rr-volume-off.svg,volume-off,702,A5 MUTE (122),A5,MUTE
fi-rr-volume-slash.svg,volume-slash,1287,A5 MUTE (122),A5,MUTE
fi-rr-volume.svg,volume,737,,,
fi-rr-volunteer-vest.svg,volunteer-vest,1145,,,
fi-rr-vote-nay.svg,vote-nay,774,,,
fi-rr-vote-yea.svg,vote-yea,667,,,
fi-rr-vpn-globe.svg,vpn-globe,1722,,,
fi-rr-vpn-laptop.svg,vpn-laptop,1392,,,
fi-rr-vpn-network.svg,vpn-network,1262,,,
fi-rr-vpn-shield.svg,vpn-shield,1298,,,
fi-rr-vpn.svg,vpn,1372,,,
fi-rr-vr-cardboard.svg,vr-cardboard,964,,,
fi-rr-w.svg,w,739,,,
fi-rr-waffle.svg,waffle,606,,,
fi-rr-wagon-covered.svg,wagon-covered,955,,,
fi-rr-walker.svg,walker,540,,,
fi-rr-walkie-talkie.svg,walkie-talkie,890,,,
fi-rr-walking.svg,walking,1192,,,
fi-rr-wallet-arrow.svg,wallet-arrow,842,,,
fi-rr-wallet-buyer.svg,wallet-buyer,838,,,
fi-rr-wallet-change.svg,wallet-change,1168,,,
fi-rr-wallet-income.svg,wallet-income,845,,,
fi-rr-wallet-money.svg,wallet-money,859,,,
fi-rr-wallet-nft.svg,wallet-nft,1343,,,
fi-rr-wallet.svg,wallet,535,,,
fi-rr-warehouse-alt.svg,warehouse-alt,940,,,
fi-rr-warranty.svg,warranty,1651,,,
fi-rr-washer.svg,washer,946,,,
fi-rr-washing-dishes.svg,washing-dishes,1783,,,
fi-rr-waste-pollution.svg,waste-pollution,1487,,,
fi-rr-waste.svg,waste,2815,,,
fi-rr-watch-calculator.svg,watch-calculator,1132,,,
fi-rr-watch-fitness.svg,watch-fitness,830,,,
fi-rr-watch-smart.svg,watch-smart,836,,,
fi-rr-watch.svg,watch,779,,,
fi-rr-water-bottle.svg,water-bottle,636,,,
fi-rr-water-drop.svg,water-drop,1101,,,
fi-rr-water-growth.svg,water-growth,1253,,,
fi-rr-water-ladder.svg,water-ladder,1134,,,
fi-rr-water-lower.svg,water-lower,1025,,,
fi-rr-water-rise.svg,water-rise,1011,,,
fi-rr-water-ski.svg,water-ski,1602,,,
fi-rr-water.svg,water,1564,,,
fi-rr-watering-can-drop.svg,watering-can-drop,1443,,,
fi-rr-watering-can-plant.svg,watering-can-plant,1440,,,
fi-rr-watermelon.svg,watermelon,969,,,
fi-rr-waterpass.svg,waterpass,735,,,
fi-rr-waterpolo-goal.svg,waterpolo-goal,2594,,,
fi-rr-waterpolo-hand.svg,waterpolo-hand,2143,,,
fi-rr-waterpolo-player.svg,waterpolo-player,1325,,,
fi-rr-waterpolo.svg,waterpolo,2468,,,
fi-rr-wave-sine.svg,wave-sine,551,A12 ANALOG (122); G2 FLANGER (96); G3 PHASER (96); G4 TREMOLO (96); G5 VIBRATO (96),A12,ANALOG
fi-rr-wave-square.svg,wave-square,516,E1 ENV SQUARE (96); G2 FLANGER (96); G3 PHASER (96); G4 TREMOLO (96); G5 VIBRATO (96),E1,ENV SQUARE
fi-rr-wave-triangle.svg,wave-triangle,484,E5 ENV TRIANGLE (96); G2 FLANGER (96); G3 PHASER (96); G4 TREMOLO (96); G5 VIBRATO (96),E5,ENV TRIANGLE
fi-rr-wave.svg,wave,1538,G2 FLANGER (121); G3 PHASER (121); G4 TREMOLO (121); G5 VIBRATO (121),G2,FLANGER
fi-rr-waveform-path.svg,waveform-path,625,A10 GRANULAR (96); A11 SYNTH (96); A12 ANALOG (96); G10 WAVEFOLD (96); G2 FLANGER (96); G3 PHASER (96); G4 TREMOLO (96); G5 VIBRATO (96); G7 REVERB (96),A10,GRANULAR
fi-rr-waveform.svg,waveform,953,A10 GRANULAR (121); A11 SYNTH (121); A12 ANALOG (121); G10 WAVEFOLD (121); G2 FLANGER (121); G3 PHASER (121); G4 TREMOLO (121); G5 VIBRATO (121); G7 REVERB (121),A10,GRANULAR
fi-rr-weather-alert.svg,weather-alert,1230,,,
fi-rr-web-browser-bomb.svg,web-browser-bomb,1430,,,
fi-rr-web-design.svg,web-design,572,,,
fi-rr-web-management.svg,web-management,1405,,,
fi-rr-web-statistics.svg,web-statistics,1018,,,
fi-rr-web-test.svg,web-test,1180,,,
fi-rr-webcam-slash.svg,webcam-slash,1327,,,
fi-rr-webcam.svg,webcam,897,,,
fi-rr-webhook.svg,webhook,1739,,,
fi-rr-webinar-play.svg,webinar-play,1058,H1 PLAY/STOP (96),H1,PLAY/STOP
fi-rr-webinar.svg,webinar,1114,,,
fi-rr-website-design.svg,website-design,1110,,,
fi-rr-website-layout.svg,website-layout,539,,,
fi-rr-website-speed.svg,website-speed,1363,,,
fi-rr-website-structure.svg,website-structure,968,,,
fi-rr-wednesday.svg,wednesday,1160,,,
fi-rr-weight-gain.svg,weight-gain,1094,,,
fi-rr-weight-loss.svg,weight-loss,1118,,,
fi-rr-welding.svg,welding,1099,,,
fi-rr-wellbeing.svg,wellbeing,1077,,,
fi-rr-whale.svg,whale,921,,,
fi-rr-wheat-awn-circle-exclamation.svg,wheat-awn-circle-exclamation,1939,,,
fi-rr-wheat-awn-slash.svg,wheat-awn-slash,2044,,,
fi-rr-wheat-awn.svg,wheat-awn,2060,,,
fi-rr-wheat-slash.svg,wheat-slash,2105,,,
fi-rr-wheat.svg,wheat,1376,,,
fi-rr-wheelchair-move.svg,wheelchair-move,987,,,
fi-rr-wheelchair-sleeping.svg,wheelchair-sleeping,1349,,,
fi-rr-wheelchair.svg,wheelchair,518,,,
fi-rr-whistle.svg,whistle,801,,,
fi-rr-white-space.svg,white-space,840,E10 SPACE - (96); E11 SPACE + (96),E10,SPACE -
fi-rr-wifi-1.svg,wifi-1,195,,,
fi-rr-wifi-2.svg,wifi-2,456,,,
fi-rr-wifi-alt.svg,wifi-alt,873,,,
fi-rr-wifi-exclamation.svg,wifi-exclamation,1043,,,
fi-rr-wifi-hotspot.svg,wifi-hotspot,999,,,
fi-rr-wifi-lock.svg,wifi-lock,906,D2 HOLD/GATE (96),D2,HOLD/GATE
fi-rr-wifi-password.svg,wifi-password,1744,,,
fi-rr-wifi-slash.svg,wifi-slash,1065,,,
fi-rr-wifi-xmark.svg,wifi-xmark,1239,,,
fi-rr-wifi.svg,wifi,694,,,
fi-rr-wildfire.svg,wildfire,2474,,,
fi-rr-wind-turbine.svg,wind-turbine,1126,,,
fi-rr-wind-warning.svg,wind-warning,838,,,
fi-rr-wind.svg,wind,713,,,
fi-rr-window-alt.svg,window-alt,600,E3 ENV HANN (96),E3,ENV HANN
fi-rr-window-frame-open.svg,window-frame-open,468,E3 ENV HANN (96),E3,ENV HANN
fi-rr-window-frame.svg,window-frame,381,E3 ENV HANN (96),E3,ENV HANN
fi-rr-window-maximize.svg,window-maximize,369,E3 ENV HANN (96),E3,ENV HANN
fi-rr-window-minimize.svg,window-minimize,242,E3 ENV HANN (96),E3,ENV HANN
fi-rr-window-restore.svg,window-restore,648,E3 ENV HANN (96),E3,ENV HANN
fi-rr-windsock.svg,windsock,535,,,
fi-rr-windsurf.svg,windsurf,1860,,,
fi-rr-wine-bottle.svg,wine-bottle,680,,,
fi-rr-wine-glass-crack.svg,wine-glass-crack,740,,,
fi-rr-wine-glass-empty.svg,wine-glass-empty,537,,,
fi-rr-wings-box.svg,wings-box,1746,,,
fi-rr-wireless-mouse.svg,wireless-mouse,799,,,
fi-rr-wisdom.svg,wisdom,1945,,,
fi-rr-wishlist-heart.svg,wishlist-heart,1192,,,
fi-rr-wishlist-star.svg,wishlist-star,1034,,,
fi-rr-witness.svg,witness,894,,,
fi-rr-woman-head.svg,woman-head,1207,,,
fi-rr-woman-scientist.svg,woman-scientist,1821,,,
fi-rr-women-swimsuit.svg,women-swimsuit,1424,,,
fi-rr-won-sign.svg,won-sign,824,,,
fi-rr-work-in-progress.svg,work-in-progress,1241,,,
fi-rr-workflow-alt.svg,workflow-alt,1326,,,
fi-rr-workflow-setting-alt.svg,workflow-setting-alt,1343,,,
fi-rr-workflow-setting.svg,workflow-setting,1282,,,
fi-rr-workflow.svg,workflow,1442,,,
fi-rr-workshop.svg,workshop,1496,,,
fi-rr-workwear.svg,workwear,889,,,
fi-rr-world-megaphone.svg,world-megaphone,1623,,,
fi-rr-world.svg,world,853,,,
fi-rr-worldwide-network.svg,worldwide-network,2294,,,
fi-rr-worm.svg,worm,1803,,,
fi-rr-wrap.svg,wrap,871,,,
fi-rr-wreath.svg,wreath,2200,,,
fi-rr-wrench-alt.svg,wrench-alt,1357,,,
fi-rr-wrench-simple.svg,wrench-simple,859,,,
fi-rr-writing.svg,writing,1472,,,
fi-rr-x-ray.svg,x-ray,949,,,
fi-rr-x.svg,x,524,,,
fi-rr-y.svg,y,398,,,
fi-rr-y2k.svg,y2k,1090,,,
fi-rr-yen.svg,yen,364,,,
fi-rr-yin-yang.svg,yin-yang,709,,,
fi-rr-yoga-ball-exercise.svg,yoga-ball-exercise,1045,,,
fi-rr-yoga-ball-mat.svg,yoga-ball-mat,1463,,,
fi-rr-yoga-ball.svg,yoga-ball,1070,,,
fi-rr-yoga-mat.svg,yoga-mat,865,,,
fi-rr-yoga-moon.svg,yoga-moon,610,,,
fi-rr-yoga-posture.svg,yoga-posture,952,,,
fi-rr-yogurt.svg,yogurt,647,,,
fi-rr-z.svg,z,541,,,
fi-rr-zero-percent.svg,zero-percent,824,,,
fi-rr-zip-file.svg,zip-file,1167,,,
fi-rr-zipper.svg,zipper,1046,,,
fi-rr-zoom-in.svg,zoom-in,387,,,
fi-rr-zoom-out.svg,zoom-out,345,,,
